Workbook

Sheet USO ANUAL
B1: Utilização anual HPLC (dias em uso)
B4: Janeiro | I4: Fevereiro | P4: Março | W4: Abril | AD4: Maio | AK4: Junho | AR4: Julho | AY4: Agosto | BF4: Setembro | BM4: Outubro | BT4: Novembro | CA4: Dezembro
B5: Estatística do mês | I5: Estatística do mês | P5: Estatística do mês | W5: Estatística do mês | AD5: Estatística do mês | AK5: Estatística do mês | AR5: Estatística do mês | AY5: Estatística do mês | BF5: Estatística do mês | BM5: Estatística do mês | BT5: Estatística do mês | CA5: Estatística do mês
C6: HPLC.0034 | D6: HPLC.0035 | E6: HPLC.0036 | F6: HPLC.0037 | G6: HPLC.0045 | H6: HPLC.0050 | J6: HPLC.0034 | K6: HPLC.0035 | L6: HPLC.0036 | M6: HPLC.0037 | N6: HPLC.0045 | O6: HPLC.0050 | Q6: HPLC.0034 | R6: HPLC.0035 | S6: HPLC.0036 | T6: HPLC.0037 | U6: HPLC.0045 | V6: HPLC.0050 | X6: HPLC.0034 | Y6: HPLC.0035 | Z6: HPLC.0036 | AA6: HPLC.0037 | AB6: HPLC.0045 | AC6: HPLC.0050 | AE6: HPLC.0034 | AF6: HPLC.0035 | AG6: HPLC.0036 | AH6: HPLC.0037 | AI6: HPLC.0045 | AJ6: HPLC.0050 | AL6: HPLC.0034 | AM6: HPLC.0035 | AN6: HPLC.0036 | AO6: HPLC.0037 | AP6: HPLC.0045 | AQ6: HPLC.0050 | AS6: HPLC.0034 | AT6: HPLC.0035 | AU6: HPLC.0036 | AV6: HPLC.0037 | AW6: HPLC.0045 | AX6: HPLC.0050 | AZ6: HPLC.0034 | BA6: HPLC.0035 | BB6: HPLC.0036 | BC6: HPLC.0037 | BD6: HPLC.0045 | BE6: HPLC.0050 | BG6: HPLC.0034 | BH6: HPLC.0035 | BI6: HPLC.0036 | BJ6: HPLC.0037 | BK6: HPLC.0045 | BL6: HPLC.0050 | BN6: HPLC.0034 | BO6: HPLC.0035 | BP6: HPLC.0036 | BQ6: HPLC.0037 | BR6: HPLC.0045 | BS6: HPLC.0050 | BU6: HPLC.0034 | BV6: HPLC.0035 | BW6: HPLC.0036 | BX6: HPLC.0037 | BY6: HPLC.0045 | BZ6: HPLC.0050 | CB6: HPLC.0034 | CC6: HPLC.0035 | CD6: HPLC.0036 | CE6: HPLC.0037 | CF6: HPLC.0045 | CG6: HPLC.0050
B7: Em uso (1º turno) | C7: =COUNTIF(MP_Jan.20!$F$7:$CT$7,MP_Jan.20!$G36) -> 3 | D7: =COUNTIF(MP_Jan.20!$F$8:$CT$8,MP_Jan.20!$G36) -> 8 | E7: =COUNTIF(MP_Jan.20!$F$9:$CT$9,MP_Jan.20!$G36) -> 5 | F7: =COUNTIF(MP_Jan.20!$F$10:$CT$10,MP_Jan.20!$G36) -> 7 | G7: =COUNTIF(MP_Jan.20!$F$11:$CT$11,MP_Jan.20!$G36) -> 0 | H7: =COUNTIF(MP_Jan.20!$F$12:$CT$12,MP_Jan.20!$G36) -> 0 | I7: Em uso (1º turno) | J7: =COUNTIF(MP_Fev.20!$F$7:$CN$7,MP_Fev.20!$G36) -> 0 | K7: =COUNTIF(MP_Fev.20!$F$8:$CN$8,MP_Fev.20!$G36) -> 0 | L7: =COUNTIF(MP_Fev.20!$F$9:$CN$9,MP_Fev.20!$G36) -> 0 | M7: =COUNTIF(MP_Fev.20!$F$10:$CN$10,MP_Fev.20!$G36) -> 0 | N7: =COUNTIF(MP_Fev.20!$F$11:$CN$11,MP_Fev.20!$G36) -> 0 | O7: =COUNTIF(MP_Fev.20!$F$12:$CN$12,MP_Fev.20!$G36) -> 0 | P7: Em uso (1º turno) | Q7: =COUNTIF(MP_Mar.20!$F$7:$CT$7,MP_Mar.20!$G36) -> 0 | R7: =COUNTIF(MP_Mar.20!$F$8:$CT$8,MP_Mar.20!$G36) -> 0 | S7: =COUNTIF(MP_Mar.20!$F$9:$CT$9,MP_Mar.20!$G36) -> 0 | T7: =COUNTIF(MP_Mar.20!$F$10:$CT$10,MP_Mar.20!$G36) -> 0 | U7: =COUNTIF(MP_Mar.20!$F$11:$CT$11,MP_Mar.20!$G36) -> 0 | V7: =COUNTIF(MP_Mar.20!$F$12:$CT$12,MP_Mar.20!$G36) -> 0 | W7: Em uso (1º turno) | X7: =COUNTIF(MP_Abr.20!$F$7:$CQ$7,MP_Abr.20!$G36) -> 0 | Y7: =COUNTIF(MP_Abr.20!$F$8:$CQ$8,MP_Abr.20!$G36) -> 0 | Z7: =COUNTIF(MP_Abr.20!$F$9:$CQ$9,MP_Abr.20!$G36) -> 0 | AA7: =COUNTIF(MP_Abr.20!$F$10:$CQ$10,MP_Abr.20!$G36) -> 0 | AB7: =COUNTIF(MP_Abr.20!$F$11:$CQ$11,MP_Abr.20!$G36) -> 0 | AC7: =COUNTIF(MP_Abr.20!$F$12:$CQ$12,MP_Abr.20!$G36) -> 0 | AD7: Em uso (1º turno) | AE7: =COUNTIF(MP_Mai.20!$F$7:$CT$7,MP_Mai.20!$G36) -> 0 | AF7: =COUNTIF(MP_Mai.20!$F$8:$CT$8,MP_Mai.20!$G36) -> 0 | AG7: =COUNTIF(MP_Mai.20!$F$9:$CT$9,MP_Mai.20!$G36) -> 0 | AH7: =COUNTIF(MP_Mai.20!$F$10:$CT$10,MP_Mai.20!$G36) -> 0 | AI7: =COUNTIF(MP_Mai.20!$F$11:$CT$11,MP_Mai.20!$G36) -> 0 | AJ7: =COUNTIF(MP_Mai.20!$F$12:$CT$12,MP_Mai.20!$G36) -> 0 | AK7: Em uso (1º turno) | AL7: =COUNTIF(MP_Jun.20!$F$7:$CQ$7,MP_Jun.20!$G36) -> 0 | AM7: =COUNTIF(MP_Jun.20!$F$8:$CQ$8,MP_Jun.20!$G36) -> 0 | AN7: =COUNTIF(MP_Jun.20!$F$9:$CQ$9,MP_Jun.20!$G36) -> 0 | AO7: =COUNTIF(MP_Jun.20!$F$10:$CQ$10,MP_Jun.20!$G36) -> 0 | AP7: =COUNTIF(MP_Jun.20!$F$11:$CQ$11,MP_Jun.20!$G36) -> 0 | AQ7: =COUNTIF(MP_Jun.20!$F$12:$CQ$12,MP_Jun.20!$G36) -> 0 | AR7: Em uso (1º turno) | AS7: =COUNTIF(MP_Jul.20!$F$7:$CT$7,MP_Jul.20!$G36) -> 0 | AT7: =COUNTIF(MP_Jul.20!$F$8:$CT$8,MP_Jul.20!$G36) -> 0 | AU7: =COUNTIF(MP_Jul.20!$F$9:$CT$9,MP_Jul.20!$G36) -> 0 | AV7: =COUNTIF(MP_Jul.20!$F$10:$CT$10,MP_Jul.20!$G36) -> 0 | AW7: =COUNTIF(MP_Jul.20!$F$11:$CT$11,MP_Jul.20!$G36) -> 0 | AX7: =COUNTIF(MP_Jul.20!$F$12:$CT$12,MP_Jul.20!$G36) -> 0 | AY7: Em uso (1º turno) | AZ7: =COUNTIF(MP_Ago.20!$F$7:$CT$7,MP_Ago.20!$G36) -> 0 | BA7: =COUNTIF(MP_Ago.20!$F$8:$CT$8,MP_Ago.20!$G36) -> 0 | BB7: =COUNTIF(MP_Ago.20!$F$9:$CT$9,MP_Ago.20!$G36) -> 0 | BC7: =COUNTIF(MP_Ago.20!$F$10:$CT$10,MP_Ago.20!$G36) -> 0 | BD7: =COUNTIF(MP_Ago.20!$F$11:$CT$11,MP_Ago.20!$G36) -> 0 | BE7: =COUNTIF(MP_Ago.20!$F$12:$CT$12,MP_Ago.20!$G36) -> 0 | BF7: Em uso (1º turno) | BG7: =COUNTIF(MP_Set.20!$F$7:$CQ$7,MP_Set.20!$G36) -> 0 | BH7: =COUNTIF(MP_Set.20!$F$8:$CQ$8,MP_Set.20!$G36) -> 0 | BI7: =COUNTIF(MP_Set.20!$F$9:$CQ$9,MP_Set.20!$G36) -> 0 | BJ7: =COUNTIF(MP_Set.20!$F$10:$CQ$10,MP_Set.20!$G36) -> 0 | BK7: =COUNTIF(MP_Set.20!$F$11:$CQ$11,MP_Set.20!$G36) -> 0 | BL7: =COUNTIF(MP_Set.20!$F$12:$CQ$12,MP_Set.20!$G36) -> 0 | BM7: Em uso (1º turno) | BN7: =COUNTIF(MP_Out.20!$F$7:$CT$7,MP_Out.20!$G36) -> 0 | BO7: =COUNTIF(MP_Out.20!$F$8:$CT$8,MP_Out.20!$G36) -> 0 | BP7: =COUNTIF(MP_Out.20!$F$9:$CT$9,MP_Out.20!$G36) -> 0 | BQ7: =COUNTIF(MP_Out.20!$F$10:$CT$10,MP_Out.20!$G36) -> 0 | BR7: =COUNTIF(MP_Out.20!$F$11:$CT$11,MP_Out.20!$G36) -> 0 | BS7: =COUNTIF(MP_Out.20!$F$12:$CT$12,MP_Out.20!$G36) -> 0 | BT7: Em uso (1º turno) | BU7: =COUNTIF(MP_Nov.20!$F$7:$CQ$7,MP_Nov.20!$G36) -> 0 | BV7: =COUNTIF(MP_Nov.20!$F$8:$CQ$8,MP_Nov.20!$G36) -> 0 | BW7: =COUNTIF(MP_Nov.20!$F$9:$CQ$9,MP_Nov.20!$G36) -> 0 | BX7: =COUNTIF(MP_Nov.20!$F$10:$CQ$10,MP_Nov.20!$G36) -> 0 | BY7: =COUNTIF(MP_Nov.20!$F$11:$CQ$11,MP_Nov.20!$G36) -> 0 | BZ7: =COUNTIF(MP_Nov.20!$F$12:$CQ$12,MP_Nov.20!$G36) -> 0 | CA7: Em uso (1º turno) | CB7: =COUNTIF(MP_Dez.20!$F$7:$CT$7,MP_Dez.20!$G36) -> 0 | CC7: =COUNTIF(MP_Dez.20!$F$8:$CT$8,MP_Dez.20!$G36) -> 0 | CD7: =COUNTIF(MP_Dez.20!$F$9:$CT$9,MP_Dez.20!$G36) -> 0 | CE7: =COUNTIF(MP_Dez.20!$F$10:$CT$10,MP_Dez.20!$G36) -> 0 | CF7: =COUNTIF(MP_Dez.20!$F$11:$CT$11,MP_Dez.20!$G36) -> 0 | CG7: =COUNTIF(MP_Dez.20!$F$12:$CT$12,MP_Dez.20!$G36) -> 0
B8: Em uso (2º turno) | C8: =COUNTIF(MP_Jan.20!$F$7:$CT$7,MP_Jan.20!$G37) -> 10 | D8: =COUNTIF(MP_Jan.20!$F$8:$CT$8,MP_Jan.20!$G37) -> 5 | E8: =COUNTIF(MP_Jan.20!$F$9:$CT$9,MP_Jan.20!$G37) -> 6 | F8: =COUNTIF(MP_Jan.20!$F$10:$CT$10,MP_Jan.20!$G37) -> 0 | G8: =COUNTIF(MP_Jan.20!$F$11:$CT$11,MP_Jan.20!$G37) -> 10 | H8: =COUNTIF(MP_Jan.20!$F$12:$CT$12,MP_Jan.20!$G37) -> 0 | I8: Em uso (2º turno) | J8: =COUNTIF(MP_Fev.20!$F$7:$CN$7,MP_Fev.20!$G37) -> 0 | K8: =COUNTIF(MP_Fev.20!$F$8:$CN$8,MP_Fev.20!$G37) -> 0 | L8: =COUNTIF(MP_Fev.20!$F$9:$CN$9,MP_Fev.20!$G37) -> 0 | M8: =COUNTIF(MP_Fev.20!$F$10:$CN$10,MP_Fev.20!$G37) -> 0 | N8: =COUNTIF(MP_Fev.20!$F$11:$CN$11,MP_Fev.20!$G37) -> 0 | O8: =COUNTIF(MP_Fev.20!$F$12:$CN$12,MP_Fev.20!$G37) -> 0 | P8: Em uso (2º turno) | Q8: =COUNTIF(MP_Mar.20!$F$7:$CT$7,MP_Mar.20!$G37) -> 0 | R8: =COUNTIF(MP_Mar.20!$F$8:$CT$8,MP_Mar.20!$G37) -> 0 | S8: =COUNTIF(MP_Mar.20!$F$9:$CT$9,MP_Mar.20!$G37) -> 0 | T8: =COUNTIF(MP_Mar.20!$F$10:$CT$10,MP_Mar.20!$G37) -> 0 | U8: =COUNTIF(MP_Mar.20!$F$11:$CT$11,MP_Mar.20!$G37) -> 0 | V8: =COUNTIF(MP_Mar.20!$F$12:$CT$12,MP_Mar.20!$G37) -> 0 | W8: Em uso (2º turno) | X8: =COUNTIF(MP_Abr.20!$F$7:$CQ$7,MP_Abr.20!$G37) -> 0 | Y8: =COUNTIF(MP_Abr.20!$F$8:$CQ$8,MP_Abr.20!$G37) -> 0 | Z8: =COUNTIF(MP_Abr.20!$F$9:$CQ$9,MP_Abr.20!$G37) -> 0 | AA8: =COUNTIF(MP_Abr.20!$F$10:$CQ$10,MP_Abr.20!$G37) -> 0 | AB8: =COUNTIF(MP_Abr.20!$F$11:$CQ$11,MP_Abr.20!$G37) -> 0 | AC8: =COUNTIF(MP_Abr.20!$F$12:$CQ$12,MP_Abr.20!$G37) -> 0 | AD8: Em uso (2º turno) | AE8: =COUNTIF(MP_Mai.20!$F$7:$CT$7,MP_Mai.20!$G37) -> 0 | AF8: =COUNTIF(MP_Mai.20!$F$8:$CT$8,MP_Mai.20!$G37) -> 0 | AG8: =COUNTIF(MP_Mai.20!$F$9:$CT$9,MP_Mai.20!$G37) -> 0 | AH8: =COUNTIF(MP_Mai.20!$F$10:$CT$10,MP_Mai.20!$G37) -> 0 | AI8: =COUNTIF(MP_Mai.20!$F$11:$CT$11,MP_Mai.20!$G37) -> 0 | AJ8: =COUNTIF(MP_Mai.20!$F$12:$CT$12,MP_Mai.20!$G37) -> 0 | AK8: Em uso (2º turno) | AL8: =COUNTIF(MP_Jun.20!$F$7:$CQ$7,MP_Jun.20!$G37) -> 0 | AM8: =COUNTIF(MP_Jun.20!$F$8:$CQ$8,MP_Jun.20!$G37) -> 0 | AN8: =COUNTIF(MP_Jun.20!$F$9:$CQ$9,MP_Jun.20!$G37) -> 0 | AO8: =COUNTIF(MP_Jun.20!$F$10:$CQ$10,MP_Jun.20!$G37) -> 0 | AP8: =COUNTIF(MP_Jun.20!$F$11:$CQ$11,MP_Jun.20!$G37) -> 0 | AQ8: =COUNTIF(MP_Jun.20!$F$12:$CQ$12,MP_Jun.20!$G37) -> 0 | AR8: Em uso (2º turno) | AS8: =COUNTIF(MP_Jul.20!$F$7:$CT$7,MP_Jul.20!$G37) -> 0 | AT8: =COUNTIF(MP_Jul.20!$F$8:$CT$8,MP_Jul.20!$G37) -> 0 | AU8: =COUNTIF(MP_Jul.20!$F$9:$CT$9,MP_Jul.20!$G37) -> 0 | AV8: =COUNTIF(MP_Jul.20!$F$10:$CT$10,MP_Jul.20!$G37) -> 0 | AW8: =COUNTIF(MP_Jul.20!$F$11:$CT$11,MP_Jul.20!$G37) -> 0 | AX8: =COUNTIF(MP_Jul.20!$F$12:$CT$12,MP_Jul.20!$G37) -> 0 | AY8: Em uso (2º turno) | AZ8: =COUNTIF(MP_Ago.20!$F$7:$CT$7,MP_Ago.20!$G37) -> 0 | BA8: =COUNTIF(MP_Ago.20!$F$8:$CT$8,MP_Ago.20!$G37) -> 0 | BB8: =COUNTIF(MP_Ago.20!$F$9:$CT$9,MP_Ago.20!$G37) -> 0 | BC8: =COUNTIF(MP_Ago.20!$F$10:$CT$10,MP_Ago.20!$G37) -> 0 | BD8: =COUNTIF(MP_Ago.20!$F$11:$CT$11,MP_Ago.20!$G37) -> 0 | BE8: =COUNTIF(MP_Ago.20!$F$12:$CT$12,MP_Ago.20!$G37) -> 0 | BF8: Em uso (2º turno) | BG8: =COUNTIF(MP_Set.20!$F$7:$CQ$7,MP_Set.20!$G37) -> 0 | BH8: =COUNTIF(MP_Set.20!$F$8:$CQ$8,MP_Set.20!$G37) -> 0 | BI8: =COUNTIF(MP_Set.20!$F$9:$CQ$9,MP_Set.20!$G37) -> 0 | BJ8: =COUNTIF(MP_Set.20!$F$10:$CQ$10,MP_Set.20!$G37) -> 0 | BK8: =COUNTIF(MP_Set.20!$F$11:$CQ$11,MP_Set.20!$G37) -> 0 | BL8: =COUNTIF(MP_Set.20!$F$12:$CQ$12,MP_Set.20!$G37) -> 0 | BM8: Em uso (2º turno) | BN8: =COUNTIF(MP_Out.20!$F$7:$CT$7,MP_Out.20!$G37) -> 0 | BO8: =COUNTIF(MP_Out.20!$F$8:$CT$8,MP_Out.20!$G37) -> 0 | BP8: =COUNTIF(MP_Out.20!$F$9:$CT$9,MP_Out.20!$G37) -> 0 | BQ8: =COUNTIF(MP_Out.20!$F$10:$CT$10,MP_Out.20!$G37) -> 0 | BR8: =COUNTIF(MP_Out.20!$F$11:$CT$11,MP_Out.20!$G37) -> 0 | BS8: =COUNTIF(MP_Out.20!$F$12:$CT$12,MP_Out.20!$G37) -> 0 | BT8: Em uso (2º turno) | BU8: =COUNTIF(MP_Nov.20!$F$7:$CQ$7,MP_Nov.20!$G37) -> 0 | BV8: =COUNTIF(MP_Nov.20!$F$8:$CQ$8,MP_Nov.20!$G37) -> 0 | BW8: =COUNTIF(MP_Nov.20!$F$9:$CQ$9,MP_Nov.20!$G37) -> 0 | BX8: =COUNTIF(MP_Nov.20!$F$10:$CQ$10,MP_Nov.20!$G37) -> 0 | BY8: =COUNTIF(MP_Nov.20!$F$11:$CQ$11,MP_Nov.20!$G37) -> 0 | BZ8: =COUNTIF(MP_Nov.20!$F$12:$CQ$12,MP_Nov.20!$G37) -> 0 | CA8: Em uso (2º turno) | CB8: =COUNTIF(MP_Dez.20!$F$7:$CT$7,MP_Dez.20!$G37) -> 0 | CC8: =COUNTIF(MP_Dez.20!$F$8:$CT$8,MP_Dez.20!$G37) -> 0 | CD8: =COUNTIF(MP_Dez.20!$F$9:$CT$9,MP_Dez.20!$G37) -> 0 | CE8: =COUNTIF(MP_Dez.20!$F$10:$CT$10,MP_Dez.20!$G37) -> 0 | CF8: =COUNTIF(MP_Dez.20!$F$11:$CT$11,MP_Dez.20!$G37) -> 0 | CG8: =COUNTIF(MP_Dez.20!$F$12:$CT$12,MP_Dez.20!$G37) -> 0
B9: Qualificação | C9: =COUNTIF(MP_Jan.20!$F$7:$CT$7,MP_Jan.20!$G38) -> 0 | D9: =COUNTIF(MP_Jan.20!$F$8:$CT$8,MP_Jan.20!$G38) -> 0 | E9: =COUNTIF(MP_Jan.20!$F$9:$CT$9,MP_Jan.20!$G38) -> 0 | F9: =COUNTIF(MP_Jan.20!$F$10:$CT$10,MP_Jan.20!$G38) -> 0 | G9: =COUNTIF(MP_Jan.20!$F$11:$CT$11,MP_Jan.20!$G38) -> 0 | H9: =COUNTIF(MP_Jan.20!$F$12:$CT$12,MP_Jan.20!$G38) -> 0 | I9: Qualificação | J9: =COUNTIF(MP_Fev.20!$F$7:$CN$7,MP_Fev.20!$G38) -> 0 | K9: =COUNTIF(MP_Fev.20!$F$8:$CN$8,MP_Fev.20!$G38) -> 0 | L9: =COUNTIF(MP_Fev.20!$F$9:$CN$9,MP_Fev.20!$G38) -> 0 | M9: =COUNTIF(MP_Fev.20!$F$10:$CN$10,MP_Fev.20!$G38) -> 0 | N9: =COUNTIF(MP_Fev.20!$F$11:$CN$11,MP_Fev.20!$G38) -> 0 | O9: =COUNTIF(MP_Fev.20!$F$12:$CN$12,MP_Fev.20!$G38) -> 0 | P9: Qualificação | Q9: =COUNTIF(MP_Mar.20!$F$7:$CT$7,MP_Mar.20!$G38) -> 0 | R9: =COUNTIF(MP_Mar.20!$F$8:$CT$8,MP_Mar.20!$G38) -> 0 | S9: =COUNTIF(MP_Mar.20!$F$9:$CT$9,MP_Mar.20!$G38) -> 0 | T9: =COUNTIF(MP_Mar.20!$F$10:$CT$10,MP_Mar.20!$G38) -> 0 | U9: =COUNTIF(MP_Mar.20!$F$11:$CT$11,MP_Mar.20!$G38) -> 0 | V9: =COUNTIF(MP_Mar.20!$F$12:$CT$12,MP_Mar.20!$G38) -> 0 | W9: Qualificação | X9: =COUNTIF(MP_Abr.20!$F$7:$CQ$7,MP_Abr.20!$G38) -> 0 | Y9: =COUNTIF(MP_Abr.20!$F$8:$CQ$8,MP_Abr.20!$G38) -> 0 | Z9: =COUNTIF(MP_Abr.20!$F$9:$CQ$9,MP_Abr.20!$G38) -> 0 | AA9: =COUNTIF(MP_Abr.20!$F$10:$CQ$10,MP_Abr.20!$G38) -> 0 | AB9: =COUNTIF(MP_Abr.20!$F$11:$CQ$11,MP_Abr.20!$G38) -> 0 | AC9: =COUNTIF(MP_Abr.20!$F$12:$CQ$12,MP_Abr.20!$G38) -> 0 | AD9: Qualificação | AE9: =COUNTIF(MP_Mai.20!$F$7:$CT$7,MP_Mai.20!$G38) -> 0 | AF9: =COUNTIF(MP_Mai.20!$F$8:$CT$8,MP_Mai.20!$G38) -> 0 | AG9: =COUNTIF(MP_Mai.20!$F$9:$CT$9,MP_Mai.20!$G38) -> 0 | AH9: =COUNTIF(MP_Mai.20!$F$10:$CT$10,MP_Mai.20!$G38) -> 0 | AI9: =COUNTIF(MP_Mai.20!$F$11:$CT$11,MP_Mai.20!$G38) -> 0 | AJ9: =COUNTIF(MP_Mai.20!$F$12:$CT$12,MP_Mai.20!$G38) -> 0 | AK9: Qualificação | AL9: =COUNTIF(MP_Jun.20!$F$7:$CQ$7,MP_Jun.20!$G38) -> 0 | AM9: =COUNTIF(MP_Jun.20!$F$8:$CQ$8,MP_Jun.20!$G38) -> 0 | AN9: =COUNTIF(MP_Jun.20!$F$9:$CQ$9,MP_Jun.20!$G38) -> 0 | AO9: =COUNTIF(MP_Jun.20!$F$10:$CQ$10,MP_Jun.20!$G38) -> 0 | AP9: =COUNTIF(MP_Jun.20!$F$11:$CQ$11,MP_Jun.20!$G38) -> 0 | AQ9: =COUNTIF(MP_Jun.20!$F$12:$CQ$12,MP_Jun.20!$G38) -> 0 | AR9: Qualificação | AS9: =COUNTIF(MP_Jul.20!$F$7:$CT$7,MP_Jul.20!$G38) -> 0 | AT9: =COUNTIF(MP_Jul.20!$F$8:$CT$8,MP_Jul.20!$G38) -> 0 | AU9: =COUNTIF(MP_Jul.20!$F$9:$CT$9,MP_Jul.20!$G38) -> 0 | AV9: =COUNTIF(MP_Jul.20!$F$10:$CT$10,MP_Jul.20!$G38) -> 0 | AW9: =COUNTIF(MP_Jul.20!$F$11:$CT$11,MP_Jul.20!$G38) -> 0 | AX9: =COUNTIF(MP_Jul.20!$F$12:$CT$12,MP_Jul.20!$G38) -> 0 | AY9: Qualificação | AZ9: =COUNTIF(MP_Ago.20!$F$7:$CT$7,MP_Ago.20!$G38) -> 0 | BA9: =COUNTIF(MP_Ago.20!$F$8:$CT$8,MP_Ago.20!$G38) -> 0 | BB9: =COUNTIF(MP_Ago.20!$F$9:$CT$9,MP_Ago.20!$G38) -> 0 | BC9: =COUNTIF(MP_Ago.20!$F$10:$CT$10,MP_Ago.20!$G38) -> 0 | BD9: =COUNTIF(MP_Ago.20!$F$11:$CT$11,MP_Ago.20!$G38) -> 0 | BE9: =COUNTIF(MP_Ago.20!$F$12:$CT$12,MP_Ago.20!$G38) -> 0 | BF9: Qualificação | BG9: =COUNTIF(MP_Set.20!$F$7:$CQ$7,MP_Set.20!$G38) -> 0 | BH9: =COUNTIF(MP_Set.20!$F$8:$CQ$8,MP_Set.20!$G38) -> 0 | BI9: =COUNTIF(MP_Set.20!$F$9:$CQ$9,MP_Set.20!$G38) -> 0 | BJ9: =COUNTIF(MP_Set.20!$F$10:$CQ$10,MP_Set.20!$G38) -> 0 | BK9: =COUNTIF(MP_Set.20!$F$11:$CQ$11,MP_Set.20!$G38) -> 0 | BL9: =COUNTIF(MP_Set.20!$F$12:$CQ$12,MP_Set.20!$G38) -> 0 | BM9: Qualificação | BN9: =COUNTIF(MP_Out.20!$F$7:$CT$7,MP_Out.20!$G38) -> 0 | BO9: =COUNTIF(MP_Out.20!$F$8:$CT$8,MP_Out.20!$G38) -> 0 | BP9: =COUNTIF(MP_Out.20!$F$9:$CT$9,MP_Out.20!$G38) -> 0 | BQ9: =COUNTIF(MP_Out.20!$F$10:$CT$10,MP_Out.20!$G38) -> 0 | BR9: =COUNTIF(MP_Out.20!$F$11:$CT$11,MP_Out.20!$G38) -> 0 | BS9: =COUNTIF(MP_Out.20!$F$12:$CT$12,MP_Out.20!$G38) -> 0 | BT9: Qualificação | BU9: =COUNTIF(MP_Nov.20!$F$7:$CQ$7,MP_Nov.20!$G38) -> 0 | BV9: =COUNTIF(MP_Nov.20!$F$8:$CQ$8,MP_Nov.20!$G38) -> 0 | BW9: =COUNTIF(MP_Nov.20!$F$9:$CQ$9,MP_Nov.20!$G38) -> 0 | BX9: =COUNTIF(MP_Nov.20!$F$10:$CQ$10,MP_Nov.20!$G38) -> 0 | BY9: =COUNTIF(MP_Nov.20!$F$11:$CQ$11,MP_Nov.20!$G38) -> 0 | BZ9: =COUNTIF(MP_Nov.20!$F$12:$CQ$12,MP_Nov.20!$G38) -> 0 | CA9: Qualificação | CB9: =COUNTIF(MP_Dez.20!$F$7:$CT$7,MP_Dez.20!$G38) -> 0 | CC9: =COUNTIF(MP_Dez.20!$F$8:$CT$8,MP_Dez.20!$G38) -> 0 | CD9: =COUNTIF(MP_Dez.20!$F$9:$CT$9,MP_Dez.20!$G38) -> 0 | CE9: =COUNTIF(MP_Dez.20!$F$10:$CT$10,MP_Dez.20!$G38) -> 0 | CF9: =COUNTIF(MP_Dez.20!$F$11:$CT$11,MP_Dez.20!$G38) -> 0 | CG9: =COUNTIF(MP_Dez.20!$F$12:$CT$12,MP_Dez.20!$G38) -> 0
B10: Empréstimo - Desenho analítico / IVIV | C10: =COUNTIF(MP_Jan.20!$F$7:$CT$7,MP_Jan.20!$G39) -> 0 | D10: =COUNTIF(MP_Jan.20!$F$8:$CT$8,MP_Jan.20!$G39) -> 0 | E10: =COUNTIF(MP_Jan.20!$F$9:$CT$9,MP_Jan.20!$G39) -> 0 | F10: =COUNTIF(MP_Jan.20!$F$10:$CT$10,MP_Jan.20!$G39) -> 0 | G10: =COUNTIF(MP_Jan.20!$F$11:$CT$11,MP_Jan.20!$G39) -> 0 | H10: =COUNTIF(MP_Jan.20!$F$12:$CT$12,MP_Jan.20!$G39) -> 0 | I10: Empréstimo - Desenho analítico / IVIV | J10: =COUNTIF(MP_Fev.20!$F$7:$CN$7,MP_Fev.20!$G39) -> 0 | K10: =COUNTIF(MP_Fev.20!$F$8:$CN$8,MP_Fev.20!$G39) -> 0 | L10: =COUNTIF(MP_Fev.20!$F$9:$CN$9,MP_Fev.20!$G39) -> 0 | M10: =COUNTIF(MP_Fev.20!$F$10:$CN$10,MP_Fev.20!$G39) -> 0 | N10: =COUNTIF(MP_Fev.20!$F$11:$CN$11,MP_Fev.20!$G39) -> 0 | O10: =COUNTIF(MP_Fev.20!$F$12:$CN$12,MP_Fev.20!$G39) -> 0 | P10: Empréstimo - Desenho analítico / IVIV | Q10: =COUNTIF(MP_Mar.20!$F$7:$CT$7,MP_Mar.20!$G39) -> 0 | R10: =COUNTIF(MP_Mar.20!$F$8:$CT$8,MP_Mar.20!$G39) -> 0 | S10: =COUNTIF(MP_Mar.20!$F$9:$CT$9,MP_Mar.20!$G39) -> 0 | T10: =COUNTIF(MP_Mar.20!$F$10:$CT$10,MP_Mar.20!$G39) -> 0 | U10: =COUNTIF(MP_Mar.20!$F$11:$CT$11,MP_Mar.20!$G39) -> 0 | V10: =COUNTIF(MP_Mar.20!$F$12:$CT$12,MP_Mar.20!$G39) -> 0 | W10: Empréstimo - Desenho analítico / IVIV | X10: =COUNTIF(MP_Abr.20!$F$7:$CQ$7,MP_Abr.20!$G39) -> 0 | Y10: =COUNTIF(MP_Abr.20!$F$8:$CQ$8,MP_Abr.20!$G39) -> 0 | Z10: =COUNTIF(MP_Abr.20!$F$9:$CQ$9,MP_Abr.20!$G39) -> 0 | AA10: =COUNTIF(MP_Abr.20!$F$10:$CQ$10,MP_Abr.20!$G39) -> 0 | AB10: =COUNTIF(MP_Abr.20!$F$11:$CQ$11,MP_Abr.20!$G39) -> 0 | AC10: =COUNTIF(MP_Abr.20!$F$12:$CQ$12,MP_Abr.20!$G39) -> 0 | AD10: Empréstimo - Desenho analítico / IVIV | AE10: =COUNTIF(MP_Mai.20!$F$7:$CT$7,MP_Mai.20!$G39) -> 0 | AF10: =COUNTIF(MP_Mai.20!$F$8:$CT$8,MP_Mai.20!$G39) -> 0 | AG10: =COUNTIF(MP_Mai.20!$F$9:$CT$9,MP_Mai.20!$G39) -> 0 | AH10: =COUNTIF(MP_Mai.20!$F$10:$CT$10,MP_Mai.20!$G39) -> 0 | AI10: =COUNTIF(MP_Mai.20!$F$11:$CT$11,MP_Mai.20!$G39) -> 0 | AJ10: =COUNTIF(MP_Mai.20!$F$12:$CT$12,MP_Mai.20!$G39) -> 0 | AK10: Empréstimo - Desenho analítico / IVIV | AL10: =COUNTIF(MP_Jun.20!$F$7:$CQ$7,MP_Jun.20!$G39) -> 0 | AM10: =COUNTIF(MP_Jun.20!$F$8:$CQ$8,MP_Jun.20!$G39) -> 0 | AN10: =COUNTIF(MP_Jun.20!$F$9:$CQ$9,MP_Jun.20!$G39) -> 0 | AO10: =COUNTIF(MP_Jun.20!$F$10:$CQ$10,MP_Jun.20!$G39) -> 0 | AP10: =COUNTIF(MP_Jun.20!$F$11:$CQ$11,MP_Jun.20!$G39) -> 0 | AQ10: =COUNTIF(MP_Jun.20!$F$12:$CQ$12,MP_Jun.20!$G39) -> 0 | AR10: Empréstimo - Desenho analítico / IVIV | AS10: =COUNTIF(MP_Jul.20!$F$7:$CT$7,MP_Jul.20!$G39) -> 0 | AT10: =COUNTIF(MP_Jul.20!$F$8:$CT$8,MP_Jul.20!$G39) -> 0 | AU10: =COUNTIF(MP_Jul.20!$F$9:$CT$9,MP_Jul.20!$G39) -> 0 | AV10: =COUNTIF(MP_Jul.20!$F$10:$CT$10,MP_Jul.20!$G39) -> 0 | AW10: =COUNTIF(MP_Jul.20!$F$11:$CT$11,MP_Jul.20!$G39) -> 0 | AX10: =COUNTIF(MP_Jul.20!$F$12:$CT$12,MP_Jul.20!$G39) -> 0 | AY10: Empréstimo - Desenho analítico / IVIV | AZ10: =COUNTIF(MP_Ago.20!$F$7:$CT$7,MP_Ago.20!$G39) -> 0 | BA10: =COUNTIF(MP_Ago.20!$F$8:$CT$8,MP_Ago.20!$G39) -> 0 | BB10: =COUNTIF(MP_Ago.20!$F$9:$CT$9,MP_Ago.20!$G39) -> 0 | BC10: =COUNTIF(MP_Ago.20!$F$10:$CT$10,MP_Ago.20!$G39) -> 0 | BD10: =COUNTIF(MP_Ago.20!$F$11:$CT$11,MP_Ago.20!$G39) -> 0 | BE10: =COUNTIF(MP_Ago.20!$F$12:$CT$12,MP_Ago.20!$G39) -> 0 | BF10: Empréstimo - Desenho analítico / IVIV | BG10: =COUNTIF(MP_Set.20!$F$7:$CQ$7,MP_Set.20!$G39) -> 0 | BH10: =COUNTIF(MP_Set.20!$F$8:$CQ$8,MP_Set.20!$G39) -> 0 | BI10: =COUNTIF(MP_Set.20!$F$9:$CQ$9,MP_Set.20!$G39) -> 0 | BJ10: =COUNTIF(MP_Set.20!$F$10:$CQ$10,MP_Set.20!$G39) -> 0 | BK10: =COUNTIF(MP_Set.20!$F$11:$CQ$11,MP_Set.20!$G39) -> 0 | BL10: =COUNTIF(MP_Set.20!$F$12:$CQ$12,MP_Set.20!$G39) -> 0 | BM10: Empréstimo - Desenho analítico / IVIV | BN10: =COUNTIF(MP_Out.20!$F$7:$CT$7,MP_Out.20!$G39) -> 0 | BO10: =COUNTIF(MP_Out.20!$F$8:$CT$8,MP_Out.20!$G39) -> 0 | BP10: =COUNTIF(MP_Out.20!$F$9:$CT$9,MP_Out.20!$G39) -> 0 | BQ10: =COUNTIF(MP_Out.20!$F$10:$CT$10,MP_Out.20!$G39) -> 0 | BR10: =COUNTIF(MP_Out.20!$F$11:$CT$11,MP_Out.20!$G39) -> 0 | BS10: =COUNTIF(MP_Out.20!$F$12:$CT$12,MP_Out.20!$G39) -> 0 | BT10: Empréstimo - Desenho analítico / IVIV | BU10: =COUNTIF(MP_Nov.20!$F$7:$CQ$7,MP_Nov.20!$G39) -> 0 | BV10: =COUNTIF(MP_Nov.20!$F$8:$CQ$8,MP_Nov.20!$G39) -> 0 | BW10: =COUNTIF(MP_Nov.20!$F$9:$CQ$9,MP_Nov.20!$G39) -> 0 | BX10: =COUNTIF(MP_Nov.20!$F$10:$CQ$10,MP_Nov.20!$G39) -> 0 | BY10: =COUNTIF(MP_Nov.20!$F$11:$CQ$11,MP_Nov.20!$G39) -> 0 | BZ10: =COUNTIF(MP_Nov.20!$F$12:$CQ$12,MP_Nov.20!$G39) -> 0 | CA10: Empréstimo - Desenho analítico / IVIV | CB10: =COUNTIF(MP_Dez.20!$F$7:$CT$7,MP_Dez.20!$G39) -> 0 | CC10: =COUNTIF(MP_Dez.20!$F$8:$CT$8,MP_Dez.20!$G39) -> 0 | CD10: =COUNTIF(MP_Dez.20!$F$9:$CT$9,MP_Dez.20!$G39) -> 0 | CE10: =COUNTIF(MP_Dez.20!$F$10:$CT$10,MP_Dez.20!$G39) -> 0 | CF10: =COUNTIF(MP_Dez.20!$F$11:$CT$11,MP_Dez.20!$G39) -> 0 | CG10: =COUNTIF(MP_Dez.20!$F$12:$CT$12,MP_Dez.20!$G39) -> 0
B11: Empréstimo - Diss | C11: =COUNTIF(MP_Jan.20!$F$7:$CT$7,MP_Jan.20!$G40) -> 0 | D11: =COUNTIF(MP_Jan.20!$F$8:$CT$8,MP_Jan.20!$G40) -> 0 | E11: =COUNTIF(MP_Jan.20!$F$9:$CT$9,MP_Jan.20!$G40) -> 0 | F11: =COUNTIF(MP_Jan.20!$F$10:$CT$10,MP_Jan.20!$G40) -> 0 | G11: =COUNTIF(MP_Jan.20!$F$11:$CT$11,MP_Jan.20!$G40) -> 0 | H11: =COUNTIF(MP_Jan.20!$F$12:$CT$12,MP_Jan.20!$G40) -> 0 | I11: Empréstimo - Diss | J11: =COUNTIF(MP_Fev.20!$F$7:$CN$7,MP_Fev.20!$G40) -> 0 | K11: =COUNTIF(MP_Fev.20!$F$8:$CN$8,MP_Fev.20!$G40) -> 0 | L11: =COUNTIF(MP_Fev.20!$F$9:$CN$9,MP_Fev.20!$G40) -> 0 | M11: =COUNTIF(MP_Fev.20!$F$10:$CN$10,MP_Fev.20!$G40) -> 0 | N11: =COUNTIF(MP_Fev.20!$F$11:$CN$11,MP_Fev.20!$G40) -> 0 | O11: =COUNTIF(MP_Fev.20!$F$12:$CN$12,MP_Fev.20!$G40) -> 0 | P11: Empréstimo - Diss | Q11: =COUNTIF(MP_Mar.20!$F$7:$CT$7,MP_Mar.20!$G40) -> 0 | R11: =COUNTIF(MP_Mar.20!$F$8:$CT$8,MP_Mar.20!$G40) -> 0 | S11: =COUNTIF(MP_Mar.20!$F$9:$CT$9,MP_Mar.20!$G40) -> 0 | T11: =COUNTIF(MP_Mar.20!$F$10:$CT$10,MP_Mar.20!$G40) -> 0 | U11: =COUNTIF(MP_Mar.20!$F$11:$CT$11,MP_Mar.20!$G40) -> 0 | V11: =COUNTIF(MP_Mar.20!$F$12:$CT$12,MP_Mar.20!$G40) -> 0 | W11: Empréstimo - Diss | X11: =COUNTIF(MP_Abr.20!$F$7:$CQ$7,MP_Abr.20!$G40) -> 0 | Y11: =COUNTIF(MP_Abr.20!$F$8:$CQ$8,MP_Abr.20!$G40) -> 0 | Z11: =COUNTIF(MP_Abr.20!$F$9:$CQ$9,MP_Abr.20!$G40) -> 0 | AA11: =COUNTIF(MP_Abr.20!$F$10:$CQ$10,MP_Abr.20!$G40) -> 0 | AB11: =COUNTIF(MP_Abr.20!$F$11:$CQ$11,MP_Abr.20!$G40) -> 0 | AC11: =COUNTIF(MP_Abr.20!$F$12:$CQ$12,MP_Abr.20!$G40) -> 0 | AD11: Empréstimo - Diss | AE11: =COUNTIF(MP_Mai.20!$F$7:$CT$7,MP_Mai.20!$G40) -> 0 | AF11: =COUNTIF(MP_Mai.20!$F$8:$CT$8,MP_Mai.20!$G40) -> 0 | AG11: =COUNTIF(MP_Mai.20!$F$9:$CT$9,MP_Mai.20!$G40) -> 0 | AH11: =COUNTIF(MP_Mai.20!$F$10:$CT$10,MP_Mai.20!$G40) -> 0 | AI11: =COUNTIF(MP_Mai.20!$F$11:$CT$11,MP_Mai.20!$G40) -> 0 | AJ11: =COUNTIF(MP_Mai.20!$F$12:$CT$12,MP_Mai.20!$G40) -> 0 | AK11: Empréstimo - Diss | AL11: =COUNTIF(MP_Jun.20!$F$7:$CQ$7,MP_Jun.20!$G40) -> 0 | AM11: =COUNTIF(MP_Jun.20!$F$8:$CQ$8,MP_Jun.20!$G40) -> 0 | AN11: =COUNTIF(MP_Jun.20!$F$9:$CQ$9,MP_Jun.20!$G40) -> 0 | AO11: =COUNTIF(MP_Jun.20!$F$10:$CQ$10,MP_Jun.20!$G40) -> 0 | AP11: =COUNTIF(MP_Jun.20!$F$11:$CQ$11,MP_Jun.20!$G40) -> 0 | AQ11: =COUNTIF(MP_Jun.20!$F$12:$CQ$12,MP_Jun.20!$G40) -> 0 | AR11: Empréstimo - Diss | AS11: =COUNTIF(MP_Jul.20!$F$7:$CT$7,MP_Jul.20!$G40) -> 0 | AT11: =COUNTIF(MP_Jul.20!$F$8:$CT$8,MP_Jul.20!$G40) -> 0 | AU11: =COUNTIF(MP_Jul.20!$F$9:$CT$9,MP_Jul.20!$G40) -> 0 | AV11: =COUNTIF(MP_Jul.20!$F$10:$CT$10,MP_Jul.20!$G40) -> 0 | AW11: =COUNTIF(MP_Jul.20!$F$11:$CT$11,MP_Jul.20!$G40) -> 0 | AX11: =COUNTIF(MP_Jul.20!$F$12:$CT$12,MP_Jul.20!$G40) -> 0 | AY11: Empréstimo - Diss | AZ11: =COUNTIF(MP_Ago.20!$F$7:$CT$7,MP_Ago.20!$G40) -> 0 | BA11: =COUNTIF(MP_Ago.20!$F$8:$CT$8,MP_Ago.20!$G40) -> 0 | BB11: =COUNTIF(MP_Ago.20!$F$9:$CT$9,MP_Ago.20!$G40) -> 0 | BC11: =COUNTIF(MP_Ago.20!$F$10:$CT$10,MP_Ago.20!$G40) -> 0 | BD11: =COUNTIF(MP_Ago.20!$F$11:$CT$11,MP_Ago.20!$G40) -> 0 | BE11: =COUNTIF(MP_Ago.20!$F$12:$CT$12,MP_Ago.20!$G40) -> 0 | BF11: Empréstimo - Diss | BG11: =COUNTIF(MP_Set.20!$F$7:$CQ$7,MP_Set.20!$G40) -> 0 | BH11: =COUNTIF(MP_Set.20!$F$8:$CQ$8,MP_Set.20!$G40) -> 0 | BI11: =COUNTIF(MP_Set.20!$F$9:$CQ$9,MP_Set.20!$G40) -> 0 | BJ11: =COUNTIF(MP_Set.20!$F$10:$CQ$10,MP_Set.20!$G40) -> 0 | BK11: =COUNTIF(MP_Set.20!$F$11:$CQ$11,MP_Set.20!$G40) -> 0 | BL11: =COUNTIF(MP_Set.20!$F$12:$CQ$12,MP_Set.20!$G40) -> 0 | BM11: Empréstimo - Diss | BN11: =COUNTIF(MP_Out.20!$F$7:$CT$7,MP_Out.20!$G40) -> 0 | BO11: =COUNTIF(MP_Out.20!$F$8:$CT$8,MP_Out.20!$G40) -> 0 | BP11: =COUNTIF(MP_Out.20!$F$9:$CT$9,MP_Out.20!$G40) -> 0 | BQ11: =COUNTIF(MP_Out.20!$F$10:$CT$10,MP_Out.20!$G40) -> 0 | BR11: =COUNTIF(MP_Out.20!$F$11:$CT$11,MP_Out.20!$G40) -> 0 | BS11: =COUNTIF(MP_Out.20!$F$12:$CT$12,MP_Out.20!$G40) -> 0 | BT11: Empréstimo - Diss | BU11: =COUNTIF(MP_Nov.20!$F$7:$CQ$7,MP_Nov.20!$G40) -> 0 | BV11: =COUNTIF(MP_Nov.20!$F$8:$CQ$8,MP_Nov.20!$G40) -> 0 | BW11: =COUNTIF(MP_Nov.20!$F$9:$CQ$9,MP_Nov.20!$G40) -> 0 | BX11: =COUNTIF(MP_Nov.20!$F$10:$CQ$10,MP_Nov.20!$G40) -> 0 | BY11: =COUNTIF(MP_Nov.20!$F$11:$CQ$11,MP_Nov.20!$G40) -> 0 | BZ11: =COUNTIF(MP_Nov.20!$F$12:$CQ$12,MP_Nov.20!$G40) -> 0 | CA11: Empréstimo - Diss | CB11: =COUNTIF(MP_Dez.20!$F$7:$CT$7,MP_Dez.20!$G40) -> 0 | CC11: =COUNTIF(MP_Dez.20!$F$8:$CT$8,MP_Dez.20!$G40) -> 0 | CD11: =COUNTIF(MP_Dez.20!$F$9:$CT$9,MP_Dez.20!$G40) -> 0 | CE11: =COUNTIF(MP_Dez.20!$F$10:$CT$10,MP_Dez.20!$G40) -> 0 | CF11: =COUNTIF(MP_Dez.20!$F$11:$CT$11,MP_Dez.20!$G40) -> 0 | CG11: =COUNTIF(MP_Dez.20!$F$12:$CT$12,MP_Dez.20!$G40) -> 0
B12: Empréstimo - PD | C12: =COUNTIF(MP_Jan.20!$F$7:$CT$7,MP_Jan.20!$G41) -> 0 | D12: =COUNTIF(MP_Jan.20!$F$8:$CT$8,MP_Jan.20!$G41) -> 0 | E12: =COUNTIF(MP_Jan.20!$F$9:$CT$9,MP_Jan.20!$G41) -> 0 | F12: =COUNTIF(MP_Jan.20!$F$10:$CT$10,MP_Jan.20!$G41) -> 4 | G12: =COUNTIF(MP_Jan.20!$F$11:$CT$11,MP_Jan.20!$G41) -> 0 | H12: =COUNTIF(MP_Jan.20!$F$12:$CT$12,MP_Jan.20!$G41) -> 0 | I12: Empréstimo - PD | J12: =COUNTIF(MP_Fev.20!$F$7:$CN$7,MP_Fev.20!$G41) -> 0 | K12: =COUNTIF(MP_Fev.20!$F$8:$CN$8,MP_Fev.20!$G41) -> 0 | L12: =COUNTIF(MP_Fev.20!$F$9:$CN$9,MP_Fev.20!$G41) -> 0 | M12: =COUNTIF(MP_Fev.20!$F$10:$CN$10,MP_Fev.20!$G41) -> 0 | N12: =COUNTIF(MP_Fev.20!$F$11:$CN$11,MP_Fev.20!$G41) -> 0 | O12: =COUNTIF(MP_Fev.20!$F$12:$CN$12,MP_Fev.20!$G41) -> 0 | P12: Empréstimo - PD | Q12: =COUNTIF(MP_Mar.20!$F$7:$CT$7,MP_Mar.20!$G41) -> 0 | R12: =COUNTIF(MP_Mar.20!$F$8:$CT$8,MP_Mar.20!$G41) -> 0 | S12: =COUNTIF(MP_Mar.20!$F$9:$CT$9,MP_Mar.20!$G41) -> 0 | T12: =COUNTIF(MP_Mar.20!$F$10:$CT$10,MP_Mar.20!$G41) -> 0 | U12: =COUNTIF(MP_Mar.20!$F$11:$CT$11,MP_Mar.20!$G41) -> 0 | V12: =COUNTIF(MP_Mar.20!$F$12:$CT$12,MP_Mar.20!$G41) -> 0 | W12: Empréstimo - PD | X12: =COUNTIF(MP_Abr.20!$F$7:$CQ$7,MP_Abr.20!$G41) -> 0 | Y12: =COUNTIF(MP_Abr.20!$F$8:$CQ$8,MP_Abr.20!$G41) -> 0 | Z12: =COUNTIF(MP_Abr.20!$F$9:$CQ$9,MP_Abr.20!$G41) -> 0 | AA12: =COUNTIF(MP_Abr.20!$F$10:$CQ$10,MP_Abr.20!$G41) -> 0 | AB12: =COUNTIF(MP_Abr.20!$F$11:$CQ$11,MP_Abr.20!$G41) -> 0 | AC12: =COUNTIF(MP_Abr.20!$F$12:$CQ$12,MP_Abr.20!$G41) -> 0 | AD12: Empréstimo - PD | AE12: =COUNTIF(MP_Mai.20!$F$7:$CT$7,MP_Mai.20!$G41) -> 0 | AF12: =COUNTIF(MP_Mai.20!$F$8:$CT$8,MP_Mai.20!$G41) -> 0 | AG12: =COUNTIF(MP_Mai.20!$F$9:$CT$9,MP_Mai.20!$G41) -> 0 | AH12: =COUNTIF(MP_Mai.20!$F$10:$CT$10,MP_Mai.20!$G41) -> 0 | AI12: =COUNTIF(MP_Mai.20!$F$11:$CT$11,MP_Mai.20!$G41) -> 0 | AJ12: =COUNTIF(MP_Mai.20!$F$12:$CT$12,MP_Mai.20!$G41) -> 0 | AK12: Empréstimo - PD | AL12: =COUNTIF(MP_Jun.20!$F$7:$CQ$7,MP_Jun.20!$G41) -> 0 | AM12: =COUNTIF(MP_Jun.20!$F$8:$CQ$8,MP_Jun.20!$G41) -> 0 | AN12: =COUNTIF(MP_Jun.20!$F$9:$CQ$9,MP_Jun.20!$G41) -> 0 | AO12: =COUNTIF(MP_Jun.20!$F$10:$CQ$10,MP_Jun.20!$G41) -> 0 | AP12: =COUNTIF(MP_Jun.20!$F$11:$CQ$11,MP_Jun.20!$G41) -> 0 | AQ12: =COUNTIF(MP_Jun.20!$F$12:$CQ$12,MP_Jun.20!$G41) -> 0 | AR12: Empréstimo - PD | AS12: =COUNTIF(MP_Jul.20!$F$7:$CT$7,MP_Jul.20!$G41) -> 0 | AT12: =COUNTIF(MP_Jul.20!$F$8:$CT$8,MP_Jul.20!$G41) -> 0 | AU12: =COUNTIF(MP_Jul.20!$F$9:$CT$9,MP_Jul.20!$G41) -> 0 | AV12: =COUNTIF(MP_Jul.20!$F$10:$CT$10,MP_Jul.20!$G41) -> 0 | AW12: =COUNTIF(MP_Jul.20!$F$11:$CT$11,MP_Jul.20!$G41) -> 0 | AX12: =COUNTIF(MP_Jul.20!$F$12:$CT$12,MP_Jul.20!$G41) -> 0 | AY12: Empréstimo - PD | AZ12: =COUNTIF(MP_Ago.20!$F$7:$CT$7,MP_Ago.20!$G41) -> 0 | BA12: =COUNTIF(MP_Ago.20!$F$8:$CT$8,MP_Ago.20!$G41) -> 0 | BB12: =COUNTIF(MP_Ago.20!$F$9:$CT$9,MP_Ago.20!$G41) -> 0 | BC12: =COUNTIF(MP_Ago.20!$F$10:$CT$10,MP_Ago.20!$G41) -> 0 | BD12: =COUNTIF(MP_Ago.20!$F$11:$CT$11,MP_Ago.20!$G41) -> 0 | BE12: =COUNTIF(MP_Ago.20!$F$12:$CT$12,MP_Ago.20!$G41) -> 0 | BF12: Empréstimo - PD | BG12: =COUNTIF(MP_Set.20!$F$7:$CQ$7,MP_Set.20!$G41) -> 0 | BH12: =COUNTIF(MP_Set.20!$F$8:$CQ$8,MP_Set.20!$G41) -> 0 | BI12: =COUNTIF(MP_Set.20!$F$9:$CQ$9,MP_Set.20!$G41) -> 0 | BJ12: =COUNTIF(MP_Set.20!$F$10:$CQ$10,MP_Set.20!$G41) -> 0 | BK12: =COUNTIF(MP_Set.20!$F$11:$CQ$11,MP_Set.20!$G41) -> 0 | BL12: =COUNTIF(MP_Set.20!$F$12:$CQ$12,MP_Set.20!$G41) -> 0 | BM12: Empréstimo - PD | BN12: =COUNTIF(MP_Out.20!$F$7:$CT$7,MP_Out.20!$G41) -> 0 | BO12: =COUNTIF(MP_Out.20!$F$8:$CT$8,MP_Out.20!$G41) -> 0 | BP12: =COUNTIF(MP_Out.20!$F$9:$CT$9,MP_Out.20!$G41) -> 0 | BQ12: =COUNTIF(MP_Out.20!$F$10:$CT$10,MP_Out.20!$G41) -> 0 | BR12: =COUNTIF(MP_Out.20!$F$11:$CT$11,MP_Out.20!$G41) -> 0 | BS12: =COUNTIF(MP_Out.20!$F$12:$CT$12,MP_Out.20!$G41) -> 0 | BT12: Empréstimo - PD | BU12: =COUNTIF(MP_Nov.20!$F$7:$CQ$7,MP_Nov.20!$G41) -> 0 | BV12: =COUNTIF(MP_Nov.20!$F$8:$CQ$8,MP_Nov.20!$G41) -> 0 | BW12: =COUNTIF(MP_Nov.20!$F$9:$CQ$9,MP_Nov.20!$G41) -> 0 | BX12: =COUNTIF(MP_Nov.20!$F$10:$CQ$10,MP_Nov.20!$G41) -> 0 | BY12: =COUNTIF(MP_Nov.20!$F$11:$CQ$11,MP_Nov.20!$G41) -> 0 | BZ12: =COUNTIF(MP_Nov.20!$F$12:$CQ$12,MP_Nov.20!$G41) -> 0 | CA12: Empréstimo - PD | CB12: =COUNTIF(MP_Dez.20!$F$7:$CT$7,MP_Dez.20!$G41) -> 0 | CC12: =COUNTIF(MP_Dez.20!$F$8:$CT$8,MP_Dez.20!$G41) -> 0 | CD12: =COUNTIF(MP_Dez.20!$F$9:$CT$9,MP_Dez.20!$G41) -> 0 | CE12: =COUNTIF(MP_Dez.20!$F$10:$CT$10,MP_Dez.20!$G41) -> 0 | CF12: =COUNTIF(MP_Dez.20!$F$11:$CT$11,MP_Dez.20!$G41) -> 0 | CG12: =COUNTIF(MP_Dez.20!$F$12:$CT$12,MP_Dez.20!$G41) -> 0
B13: Empréstimo - Não medicamento | C13: =COUNTIF(MP_Jan.20!$F$7:$CT$7,MP_Jan.20!$G42) -> 0 | D13: =COUNTIF(MP_Jan.20!$F$8:$CT$8,MP_Jan.20!$G42) -> 0 | E13: =COUNTIF(MP_Jan.20!$F$9:$CT$9,MP_Jan.20!$G42) -> 0 | F13: =COUNTIF(MP_Jan.20!$F$10:$CT$10,MP_Jan.20!$G42) -> 0 | G13: =COUNTIF(MP_Jan.20!$F$11:$CT$11,MP_Jan.20!$G42) -> 0 | H13: =COUNTIF(MP_Jan.20!$F$12:$CT$12,MP_Jan.20!$G42) -> 0 | I13: Empréstimo - Não medicamento | J13: =COUNTIF(MP_Fev.20!$F$7:$CN$7,MP_Fev.20!$G42) -> 0 | K13: =COUNTIF(MP_Fev.20!$F$8:$CN$8,MP_Fev.20!$G42) -> 0 | L13: =COUNTIF(MP_Fev.20!$F$9:$CN$9,MP_Fev.20!$G42) -> 0 | M13: =COUNTIF(MP_Fev.20!$F$10:$CN$10,MP_Fev.20!$G42) -> 0 | N13: =COUNTIF(MP_Fev.20!$F$11:$CN$11,MP_Fev.20!$G42) -> 0 | O13: =COUNTIF(MP_Fev.20!$F$12:$CN$12,MP_Fev.20!$G42) -> 0 | P13: Empréstimo - Não medicamento | Q13: =COUNTIF(MP_Mar.20!$F$7:$CT$7,MP_Mar.20!$G42) -> 0 | R13: =COUNTIF(MP_Mar.20!$F$8:$CT$8,MP_Mar.20!$G42) -> 0 | S13: =COUNTIF(MP_Mar.20!$F$9:$CT$9,MP_Mar.20!$G42) -> 0 | T13: =COUNTIF(MP_Mar.20!$F$10:$CT$10,MP_Mar.20!$G42) -> 0 | U13: =COUNTIF(MP_Mar.20!$F$11:$CT$11,MP_Mar.20!$G42) -> 0 | V13: =COUNTIF(MP_Mar.20!$F$12:$CT$12,MP_Mar.20!$G42) -> 0 | W13: Empréstimo - Não medicamento | X13: =COUNTIF(MP_Abr.20!$F$7:$CQ$7,MP_Abr.20!$G42) -> 0 | Y13: =COUNTIF(MP_Abr.20!$F$8:$CQ$8,MP_Abr.20!$G42) -> 0 | Z13: =COUNTIF(MP_Abr.20!$F$9:$CQ$9,MP_Abr.20!$G42) -> 0 | AA13: =COUNTIF(MP_Abr.20!$F$10:$CQ$10,MP_Abr.20!$G42) -> 0 | AB13: =COUNTIF(MP_Abr.20!$F$11:$CQ$11,MP_Abr.20!$G42) -> 0 | AC13: =COUNTIF(MP_Abr.20!$F$12:$CQ$12,MP_Abr.20!$G42) -> 0 | AD13: Empréstimo - Não medicamento | AE13: =COUNTIF(MP_Mai.20!$F$7:$CT$7,MP_Mai.20!$G42) -> 0 | AF13: =COUNTIF(MP_Mai.20!$F$8:$CT$8,MP_Mai.20!$G42) -> 0 | AG13: =COUNTIF(MP_Mai.20!$F$9:$CT$9,MP_Mai.20!$G42) -> 0 | AH13: =COUNTIF(MP_Mai.20!$F$10:$CT$10,MP_Mai.20!$G42) -> 0 | AI13: =COUNTIF(MP_Mai.20!$F$11:$CT$11,MP_Mai.20!$G42) -> 0 | AJ13: =COUNTIF(MP_Mai.20!$F$12:$CT$12,MP_Mai.20!$G42) -> 0 | AK13: Empréstimo - Não medicamento | AL13: =COUNTIF(MP_Jun.20!$F$7:$CQ$7,MP_Jun.20!$G42) -> 0 | AM13: =COUNTIF(MP_Jun.20!$F$8:$CQ$8,MP_Jun.20!$G42) -> 0 | AN13: =COUNTIF(MP_Jun.20!$F$9:$CQ$9,MP_Jun.20!$G42) -> 0 | AO13: =COUNTIF(MP_Jun.20!$F$10:$CQ$10,MP_Jun.20!$G42) -> 0 | AP13: =COUNTIF(MP_Jun.20!$F$11:$CQ$11,MP_Jun.20!$G42) -> 0 | AQ13: =COUNTIF(MP_Jun.20!$F$12:$CQ$12,MP_Jun.20!$G42) -> 0 | AR13: Empréstimo - Não medicamento | AS13: =COUNTIF(MP_Jul.20!$F$7:$CT$7,MP_Jul.20!$G42) -> 0 | AT13: =COUNTIF(MP_Jul.20!$F$8:$CT$8,MP_Jul.20!$G42) -> 0 | AU13: =COUNTIF(MP_Jul.20!$F$9:$CT$9,MP_Jul.20!$G42) -> 0 | AV13: =COUNTIF(MP_Jul.20!$F$10:$CT$10,MP_Jul.20!$G42) -> 0 | AW13: =COUNTIF(MP_Jul.20!$F$11:$CT$11,MP_Jul.20!$G42) -> 0 | AX13: =COUNTIF(MP_Jul.20!$F$12:$CT$12,MP_Jul.20!$G42) -> 0 | AY13: Empréstimo - Não medicamento | AZ13: =COUNTIF(MP_Ago.20!$F$7:$CT$7,MP_Ago.20!$G42) -> 0 | BA13: =COUNTIF(MP_Ago.20!$F$8:$CT$8,MP_Ago.20!$G42) -> 0 | BB13: =COUNTIF(MP_Ago.20!$F$9:$CT$9,MP_Ago.20!$G42) -> 0 | BC13: =COUNTIF(MP_Ago.20!$F$10:$CT$10,MP_Ago.20!$G42) -> 0 | BD13: =COUNTIF(MP_Ago.20!$F$11:$CT$11,MP_Ago.20!$G42) -> 0 | BE13: =COUNTIF(MP_Ago.20!$F$12:$CT$12,MP_Ago.20!$G42) -> 0 | BF13: Empréstimo - Não medicamento | BG13: =COUNTIF(MP_Set.20!$F$7:$CQ$7,MP_Set.20!$G42) -> 0 | BH13: =COUNTIF(MP_Set.20!$F$8:$CQ$8,MP_Set.20!$G42) -> 0 | BI13: =COUNTIF(MP_Set.20!$F$9:$CQ$9,MP_Set.20!$G42) -> 0 | BJ13: =COUNTIF(MP_Set.20!$F$10:$CQ$10,MP_Set.20!$G42) -> 0 | BK13: =COUNTIF(MP_Set.20!$F$11:$CQ$11,MP_Set.20!$G42) -> 0 | BL13: =COUNTIF(MP_Set.20!$F$12:$CQ$12,MP_Set.20!$G42) -> 0 | BM13: Empréstimo - Não medicamento | BN13: =COUNTIF(MP_Out.20!$F$7:$CT$7,MP_Out.20!$G42) -> 0 | BO13: =COUNTIF(MP_Out.20!$F$8:$CT$8,MP_Out.20!$G42) -> 0 | BP13: =COUNTIF(MP_Out.20!$F$9:$CT$9,MP_Out.20!$G42) -> 0 | BQ13: =COUNTIF(MP_Out.20!$F$10:$CT$10,MP_Out.20!$G42) -> 0 | BR13: =COUNTIF(MP_Out.20!$F$11:$CT$11,MP_Out.20!$G42) -> 0 | BS13: =COUNTIF(MP_Out.20!$F$12:$CT$12,MP_Out.20!$G42) -> 0 | BT13: Empréstimo - Não medicamento | BU13: =COUNTIF(MP_Nov.20!$F$7:$CQ$7,MP_Nov.20!$G42) -> 0 | BV13: =COUNTIF(MP_Nov.20!$F$8:$CQ$8,MP_Nov.20!$G42) -> 0 | BW13: =COUNTIF(MP_Nov.20!$F$9:$CQ$9,MP_Nov.20!$G42) -> 0 | BX13: =COUNTIF(MP_Nov.20!$F$10:$CQ$10,MP_Nov.20!$G42) -> 0 | BY13: =COUNTIF(MP_Nov.20!$F$11:$CQ$11,MP_Nov.20!$G42) -> 0 | BZ13: =COUNTIF(MP_Nov.20!$F$12:$CQ$12,MP_Nov.20!$G42) -> 0 | CA13: Empréstimo - Não medicamento | CB13: =COUNTIF(MP_Dez.20!$F$7:$CT$7,MP_Dez.20!$G42) -> 0 | CC13: =COUNTIF(MP_Dez.20!$F$8:$CT$8,MP_Dez.20!$G42) -> 0 | CD13: =COUNTIF(MP_Dez.20!$F$9:$CT$9,MP_Dez.20!$G42) -> 0 | CE13: =COUNTIF(MP_Dez.20!$F$10:$CT$10,MP_Dez.20!$G42) -> 0 | CF13: =COUNTIF(MP_Dez.20!$F$11:$CT$11,MP_Dez.20!$G42) -> 0 | CG13: =COUNTIF(MP_Dez.20!$F$12:$CT$12,MP_Dez.20!$G42) -> 0
B14: Empréstimo - Suporte analítico | C14: =COUNTIF(MP_Jan.20!$F$7:$CT$7,MP_Jan.20!$G43) -> 0 | D14: =COUNTIF(MP_Jan.20!$F$8:$CT$8,MP_Jan.20!$G43) -> 0 | E14: =COUNTIF(MP_Jan.20!$F$9:$CT$9,MP_Jan.20!$G43) -> 0 | F14: =COUNTIF(MP_Jan.20!$F$10:$CT$10,MP_Jan.20!$G43) -> 0 | G14: =COUNTIF(MP_Jan.20!$F$11:$CT$11,MP_Jan.20!$G43) -> 0 | H14: =COUNTIF(MP_Jan.20!$F$12:$CT$12,MP_Jan.20!$G43) -> 0 | I14: Empréstimo - Suporte analítico | J14: =COUNTIF(MP_Fev.20!$F$7:$CN$7,MP_Fev.20!$G43) -> 0 | K14: =COUNTIF(MP_Fev.20!$F$8:$CN$8,MP_Fev.20!$G43) -> 0 | L14: =COUNTIF(MP_Fev.20!$F$9:$CN$9,MP_Fev.20!$G43) -> 0 | M14: =COUNTIF(MP_Fev.20!$F$10:$CN$10,MP_Fev.20!$G43) -> 0 | N14: =COUNTIF(MP_Fev.20!$F$11:$CN$11,MP_Fev.20!$G43) -> 0 | O14: =COUNTIF(MP_Fev.20!$F$12:$CN$12,MP_Fev.20!$G43) -> 0 | P14: Empréstimo - Suporte analítico | Q14: =COUNTIF(MP_Mar.20!$F$7:$CT$7,MP_Mar.20!$G43) -> 0 | R14: =COUNTIF(MP_Mar.20!$F$8:$CT$8,MP_Mar.20!$G43) -> 0 | S14: =COUNTIF(MP_Mar.20!$F$9:$CT$9,MP_Mar.20!$G43) -> 0 | T14: =COUNTIF(MP_Mar.20!$F$10:$CT$10,MP_Mar.20!$G43) -> 0 | U14: =COUNTIF(MP_Mar.20!$F$11:$CT$11,MP_Mar.20!$G43) -> 0 | V14: =COUNTIF(MP_Mar.20!$F$12:$CT$12,MP_Mar.20!$G43) -> 0 | W14: Empréstimo - Suporte analítico | X14: =COUNTIF(MP_Abr.20!$F$7:$CQ$7,MP_Abr.20!$G43) -> 0 | Y14: =COUNTIF(MP_Abr.20!$F$8:$CQ$8,MP_Abr.20!$G43) -> 0 | Z14: =COUNTIF(MP_Abr.20!$F$9:$CQ$9,MP_Abr.20!$G43) -> 0 | AA14: =COUNTIF(MP_Abr.20!$F$10:$CQ$10,MP_Abr.20!$G43) -> 0 | AB14: =COUNTIF(MP_Abr.20!$F$11:$CQ$11,MP_Abr.20!$G43) -> 0 | AC14: =COUNTIF(MP_Abr.20!$F$12:$CQ$12,MP_Abr.20!$G43) -> 0 | AD14: Empréstimo - Suporte analítico | AE14: =COUNTIF(MP_Mai.20!$F$7:$CT$7,MP_Mai.20!$G43) -> 0 | AF14: =COUNTIF(MP_Mai.20!$F$8:$CT$8,MP_Mai.20!$G43) -> 0 | AG14: =COUNTIF(MP_Mai.20!$F$9:$CT$9,MP_Mai.20!$G43) -> 0 | AH14: =COUNTIF(MP_Mai.20!$F$10:$CT$10,MP_Mai.20!$G43) -> 0 | AI14: =COUNTIF(MP_Mai.20!$F$11:$CT$11,MP_Mai.20!$G43) -> 0 | AJ14: =COUNTIF(MP_Mai.20!$F$12:$CT$12,MP_Mai.20!$G43) -> 0 | AK14: Empréstimo - Suporte analítico | AL14: =COUNTIF(MP_Jun.20!$F$7:$CQ$7,MP_Jun.20!$G43) -> 0 | AM14: =COUNTIF(MP_Jun.20!$F$8:$CQ$8,MP_Jun.20!$G43) -> 0 | AN14: =COUNTIF(MP_Jun.20!$F$9:$CQ$9,MP_Jun.20!$G43) -> 0 | AO14: =COUNTIF(MP_Jun.20!$F$10:$CQ$10,MP_Jun.20!$G43) -> 0 | AP14: =COUNTIF(MP_Jun.20!$F$11:$CQ$11,MP_Jun.20!$G43) -> 0 | AQ14: =COUNTIF(MP_Jun.20!$F$12:$CQ$12,MP_Jun.20!$G43) -> 0 | AR14: Empréstimo - Suporte analítico | AS14: =COUNTIF(MP_Jul.20!$F$7:$CT$7,MP_Jul.20!$G43) -> 0 | AT14: =COUNTIF(MP_Jul.20!$F$8:$CT$8,MP_Jul.20!$G43) -> 0 | AU14: =COUNTIF(MP_Jul.20!$F$9:$CT$9,MP_Jul.20!$G43) -> 0 | AV14: =COUNTIF(MP_Jul.20!$F$10:$CT$10,MP_Jul.20!$G43) -> 0 | AW14: =COUNTIF(MP_Jul.20!$F$11:$CT$11,MP_Jul.20!$G43) -> 0 | AX14: =COUNTIF(MP_Jul.20!$F$12:$CT$12,MP_Jul.20!$G43) -> 0 | AY14: Empréstimo - Suporte analítico | AZ14: =COUNTIF(MP_Ago.20!$F$7:$CT$7,MP_Ago.20!$G43) -> 0 | BA14: =COUNTIF(MP_Ago.20!$F$8:$CT$8,MP_Ago.20!$G43) -> 0 | BB14: =COUNTIF(MP_Ago.20!$F$9:$CT$9,MP_Ago.20!$G43) -> 0 | BC14: =COUNTIF(MP_Ago.20!$F$10:$CT$10,MP_Ago.20!$G43) -> 0 | BD14: =COUNTIF(MP_Ago.20!$F$11:$CT$11,MP_Ago.20!$G43) -> 0 | BE14: =COUNTIF(MP_Ago.20!$F$12:$CT$12,MP_Ago.20!$G43) -> 0 | BF14: Empréstimo - Suporte analítico | BG14: =COUNTIF(MP_Set.20!$F$7:$CQ$7,MP_Set.20!$G43) -> 0 | BH14: =COUNTIF(MP_Set.20!$F$8:$CQ$8,MP_Set.20!$G43) -> 0 | BI14: =COUNTIF(MP_Set.20!$F$9:$CQ$9,MP_Set.20!$G43) -> 0 | BJ14: =COUNTIF(MP_Set.20!$F$10:$CQ$10,MP_Set.20!$G43) -> 0 | BK14: =COUNTIF(MP_Set.20!$F$11:$CQ$11,MP_Set.20!$G43) -> 0 | BL14: =COUNTIF(MP_Set.20!$F$12:$CQ$12,MP_Set.20!$G43) -> 0 | BM14: Empréstimo - Suporte analítico | BN14: =COUNTIF(MP_Out.20!$F$7:$CT$7,MP_Out.20!$G43) -> 0 | BO14: =COUNTIF(MP_Out.20!$F$8:$CT$8,MP_Out.20!$G43) -> 0 | BP14: =COUNTIF(MP_Out.20!$F$9:$CT$9,MP_Out.20!$G43) -> 0 | BQ14: =COUNTIF(MP_Out.20!$F$10:$CT$10,MP_Out.20!$G43) -> 0 | BR14: =COUNTIF(MP_Out.20!$F$11:$CT$11,MP_Out.20!$G43) -> 0 | BS14: =COUNTIF(MP_Out.20!$F$12:$CT$12,MP_Out.20!$G43) -> 0 | BT14: Empréstimo - Suporte analítico | BU14: =COUNTIF(MP_Nov.20!$F$7:$CQ$7,MP_Nov.20!$G43) -> 0 | BV14: =COUNTIF(MP_Nov.20!$F$8:$CQ$8,MP_Nov.20!$G43) -> 0 | BW14: =COUNTIF(MP_Nov.20!$F$9:$CQ$9,MP_Nov.20!$G43) -> 0 | BX14: =COUNTIF(MP_Nov.20!$F$10:$CQ$10,MP_Nov.20!$G43) -> 0 | BY14: =COUNTIF(MP_Nov.20!$F$11:$CQ$11,MP_Nov.20!$G43) -> 0 | BZ14: =COUNTIF(MP_Nov.20!$F$12:$CQ$12,MP_Nov.20!$G43) -> 0 | CA14: Empréstimo - Suporte analítico | CB14: =COUNTIF(MP_Dez.20!$F$7:$CT$7,MP_Dez.20!$G43) -> 0 | CC14: =COUNTIF(MP_Dez.20!$F$8:$CT$8,MP_Dez.20!$G43) -> 0 | CD14: =COUNTIF(MP_Dez.20!$F$9:$CT$9,MP_Dez.20!$G43) -> 0 | CE14: =COUNTIF(MP_Dez.20!$F$10:$CT$10,MP_Dez.20!$G43) -> 0 | CF14: =COUNTIF(MP_Dez.20!$F$11:$CT$11,MP_Dez.20!$G43) -> 0 | CG14: =COUNTIF(MP_Dez.20!$F$12:$CT$12,MP_Dez.20!$G43) -> 0
B15: Empréstimo - Troubleshooting | C15: =COUNTIF(MP_Jan.20!$F$7:$CT$7,MP_Jan.20!$G44) -> 0 | D15: =COUNTIF(MP_Jan.20!$F$8:$CT$8,MP_Jan.20!$G44) -> 0 | E15: =COUNTIF(MP_Jan.20!$F$9:$CT$9,MP_Jan.20!$G44) -> 0 | F15: =COUNTIF(MP_Jan.20!$F$10:$CT$10,MP_Jan.20!$G44) -> 0 | G15: =COUNTIF(MP_Jan.20!$F$11:$CT$11,MP_Jan.20!$G44) -> 0 | H15: =COUNTIF(MP_Jan.20!$F$12:$CT$12,MP_Jan.20!$G44) -> 0 | I15: Empréstimo - Troubleshooting | J15: =COUNTIF(MP_Fev.20!$F$7:$CN$7,MP_Fev.20!$G44) -> 0 | K15: =COUNTIF(MP_Fev.20!$F$8:$CN$8,MP_Fev.20!$G44) -> 0 | L15: =COUNTIF(MP_Fev.20!$F$9:$CN$9,MP_Fev.20!$G44) -> 0 | M15: =COUNTIF(MP_Fev.20!$F$10:$CN$10,MP_Fev.20!$G44) -> 0 | N15: =COUNTIF(MP_Fev.20!$F$11:$CN$11,MP_Fev.20!$G44) -> 0 | O15: =COUNTIF(MP_Fev.20!$F$12:$CN$12,MP_Fev.20!$G44) -> 0 | P15: Empréstimo - Troubleshooting | Q15: =COUNTIF(MP_Mar.20!$F$7:$CT$7,MP_Mar.20!$G44) -> 0 | R15: =COUNTIF(MP_Mar.20!$F$8:$CT$8,MP_Mar.20!$G44) -> 0 | S15: =COUNTIF(MP_Mar.20!$F$9:$CT$9,MP_Mar.20!$G44) -> 0 | T15: =COUNTIF(MP_Mar.20!$F$10:$CT$10,MP_Mar.20!$G44) -> 0 | U15: =COUNTIF(MP_Mar.20!$F$11:$CT$11,MP_Mar.20!$G44) -> 0 | V15: =COUNTIF(MP_Mar.20!$F$12:$CT$12,MP_Mar.20!$G44) -> 0 | W15: Empréstimo - Troubleshooting | X15: =COUNTIF(MP_Abr.20!$F$7:$CQ$7,MP_Abr.20!$G44) -> 0 | Y15: =COUNTIF(MP_Abr.20!$F$8:$CQ$8,MP_Abr.20!$G44) -> 0 | Z15: =COUNTIF(MP_Abr.20!$F$9:$CQ$9,MP_Abr.20!$G44) -> 0 | AA15: =COUNTIF(MP_Abr.20!$F$10:$CQ$10,MP_Abr.20!$G44) -> 0 | AB15: =COUNTIF(MP_Abr.20!$F$11:$CQ$11,MP_Abr.20!$G44) -> 0 | AC15: =COUNTIF(MP_Abr.20!$F$12:$CQ$12,MP_Abr.20!$G44) -> 0 | AD15: Empréstimo - Troubleshooting | AE15: =COUNTIF(MP_Mai.20!$F$7:$CT$7,MP_Mai.20!$G44) -> 0 | AF15: =COUNTIF(MP_Mai.20!$F$8:$CT$8,MP_Mai.20!$G44) -> 0 | AG15: =COUNTIF(MP_Mai.20!$F$9:$CT$9,MP_Mai.20!$G44) -> 0 | AH15: =COUNTIF(MP_Mai.20!$F$10:$CT$10,MP_Mai.20!$G44) -> 0 | AI15: =COUNTIF(MP_Mai.20!$F$11:$CT$11,MP_Mai.20!$G44) -> 0 | AJ15: =COUNTIF(MP_Mai.20!$F$12:$CT$12,MP_Mai.20!$G44) -> 0 | AK15: Empréstimo - Troubleshooting | AL15: =COUNTIF(MP_Jun.20!$F$7:$CQ$7,MP_Jun.20!$G44) -> 0 | AM15: =COUNTIF(MP_Jun.20!$F$8:$CQ$8,MP_Jun.20!$G44) -> 0 | AN15: =COUNTIF(MP_Jun.20!$F$9:$CQ$9,MP_Jun.20!$G44) -> 0 | AO15: =COUNTIF(MP_Jun.20!$F$10:$CQ$10,MP_Jun.20!$G44) -> 0 | AP15: =COUNTIF(MP_Jun.20!$F$11:$CQ$11,MP_Jun.20!$G44) -> 0 | AQ15: =COUNTIF(MP_Jun.20!$F$12:$CQ$12,MP_Jun.20!$G44) -> 0 | AR15: Empréstimo - Troubleshooting | AS15: =COUNTIF(MP_Jul.20!$F$7:$CT$7,MP_Jul.20!$G44) -> 0 | AT15: =COUNTIF(MP_Jul.20!$F$8:$CT$8,MP_Jul.20!$G44) -> 0 | AU15: =COUNTIF(MP_Jul.20!$F$9:$CT$9,MP_Jul.20!$G44) -> 0 | AV15: =COUNTIF(MP_Jul.20!$F$10:$CT$10,MP_Jul.20!$G44) -> 0 | AW15: =COUNTIF(MP_Jul.20!$F$11:$CT$11,MP_Jul.20!$G44) -> 0 | AX15: =COUNTIF(MP_Jul.20!$F$12:$CT$12,MP_Jul.20!$G44) -> 0 | AY15: Empréstimo - Troubleshooting | AZ15: =COUNTIF(MP_Ago.20!$F$7:$CT$7,MP_Ago.20!$G44) -> 0 | BA15: =COUNTIF(MP_Ago.20!$F$8:$CT$8,MP_Ago.20!$G44) -> 0 | BB15: =COUNTIF(MP_Ago.20!$F$9:$CT$9,MP_Ago.20!$G44) -> 0 | BC15: =COUNTIF(MP_Ago.20!$F$10:$CT$10,MP_Ago.20!$G44) -> 0 | BD15: =COUNTIF(MP_Ago.20!$F$11:$CT$11,MP_Ago.20!$G44) -> 0 | BE15: =COUNTIF(MP_Ago.20!$F$12:$CT$12,MP_Ago.20!$G44) -> 0 | BF15: Empréstimo - Troubleshooting | BG15: =COUNTIF(MP_Set.20!$F$7:$CQ$7,MP_Set.20!$G44) -> 0 | BH15: =COUNTIF(MP_Set.20!$F$8:$CQ$8,MP_Set.20!$G44) -> 0 | BI15: =COUNTIF(MP_Set.20!$F$9:$CQ$9,MP_Set.20!$G44) -> 0 | BJ15: =COUNTIF(MP_Set.20!$F$10:$CQ$10,MP_Set.20!$G44) -> 0 | BK15: =COUNTIF(MP_Set.20!$F$11:$CQ$11,MP_Set.20!$G44) -> 0 | BL15: =COUNTIF(MP_Set.20!$F$12:$CQ$12,MP_Set.20!$G44) -> 0 | BM15: Empréstimo - Troubleshooting | BN15: =COUNTIF(MP_Out.20!$F$7:$CT$7,MP_Out.20!$G44) -> 0 | BO15: =COUNTIF(MP_Out.20!$F$8:$CT$8,MP_Out.20!$G44) -> 0 | BP15: =COUNTIF(MP_Out.20!$F$9:$CT$9,MP_Out.20!$G44) -> 0 | BQ15: =COUNTIF(MP_Out.20!$F$10:$CT$10,MP_Out.20!$G44) -> 0 | BR15: =COUNTIF(MP_Out.20!$F$11:$CT$11,MP_Out.20!$G44) -> 0 | BS15: =COUNTIF(MP_Out.20!$F$12:$CT$12,MP_Out.20!$G44) -> 0 | BT15: Empréstimo - Troubleshooting | BU15: =COUNTIF(MP_Nov.20!$F$7:$CQ$7,MP_Nov.20!$G44) -> 0 | BV15: =COUNTIF(MP_Nov.20!$F$8:$CQ$8,MP_Nov.20!$G44) -> 0 | BW15: =COUNTIF(MP_Nov.20!$F$9:$CQ$9,MP_Nov.20!$G44) -> 0 | BX15: =COUNTIF(MP_Nov.20!$F$10:$CQ$10,MP_Nov.20!$G44) -> 0 | BY15: =COUNTIF(MP_Nov.20!$F$11:$CQ$11,MP_Nov.20!$G44) -> 0 | BZ15: =COUNTIF(MP_Nov.20!$F$12:$CQ$12,MP_Nov.20!$G44) -> 0 | CA15: Empréstimo - Troubleshooting | CB15: =COUNTIF(MP_Dez.20!$F$7:$CT$7,MP_Dez.20!$G44) -> 0 | CC15: =COUNTIF(MP_Dez.20!$F$8:$CT$8,MP_Dez.20!$G44) -> 0 | CD15: =COUNTIF(MP_Dez.20!$F$9:$CT$9,MP_Dez.20!$G44) -> 0 | CE15: =COUNTIF(MP_Dez.20!$F$10:$CT$10,MP_Dez.20!$G44) -> 0 | CF15: =COUNTIF(MP_Dez.20!$F$11:$CT$11,MP_Dez.20!$G44) -> 0 | CG15: =COUNTIF(MP_Dez.20!$F$12:$CT$12,MP_Dez.20!$G44) -> 0
B16: Manutenção | C16: =COUNTIF(MP_Jan.20!$F$7:$CT$7,MP_Jan.20!$G45) -> 0 | D16: =COUNTIF(MP_Jan.20!$F$8:$CT$8,MP_Jan.20!$G45) -> 0 | E16: =COUNTIF(MP_Jan.20!$F$9:$CT$9,MP_Jan.20!$G45) -> 0 | F16: =COUNTIF(MP_Jan.20!$F$10:$CT$10,MP_Jan.20!$G45) -> 0 | G16: =COUNTIF(MP_Jan.20!$F$11:$CT$11,MP_Jan.20!$G45) -> 0 | H16: =COUNTIF(MP_Jan.20!$F$12:$CT$12,MP_Jan.20!$G45) -> 0 | I16: Manutenção | J16: =COUNTIF(MP_Fev.20!$F$7:$CN$7,MP_Fev.20!$G45) -> 0 | K16: =COUNTIF(MP_Fev.20!$F$8:$CN$8,MP_Fev.20!$G45) -> 0 | L16: =COUNTIF(MP_Fev.20!$F$9:$CN$9,MP_Fev.20!$G45) -> 0 | M16: =COUNTIF(MP_Fev.20!$F$10:$CN$10,MP_Fev.20!$G45) -> 0 | N16: =COUNTIF(MP_Fev.20!$F$11:$CN$11,MP_Fev.20!$G45) -> 0 | O16: =COUNTIF(MP_Fev.20!$F$12:$CN$12,MP_Fev.20!$G45) -> 0 | P16: Manutenção | Q16: =COUNTIF(MP_Mar.20!$F$7:$CT$7,MP_Mar.20!$G45) -> 0 | R16: =COUNTIF(MP_Mar.20!$F$8:$CT$8,MP_Mar.20!$G45) -> 0 | S16: =COUNTIF(MP_Mar.20!$F$9:$CT$9,MP_Mar.20!$G45) -> 0 | T16: =COUNTIF(MP_Mar.20!$F$10:$CT$10,MP_Mar.20!$G45) -> 0 | U16: =COUNTIF(MP_Mar.20!$F$11:$CT$11,MP_Mar.20!$G45) -> 0 | V16: =COUNTIF(MP_Mar.20!$F$12:$CT$12,MP_Mar.20!$G45) -> 0 | W16: Manutenção | X16: =COUNTIF(MP_Abr.20!$F$7:$CQ$7,MP_Abr.20!$G45) -> 0 | Y16: =COUNTIF(MP_Abr.20!$F$8:$CQ$8,MP_Abr.20!$G45) -> 0 | Z16: =COUNTIF(MP_Abr.20!$F$9:$CQ$9,MP_Abr.20!$G45) -> 0 | AA16: =COUNTIF(MP_Abr.20!$F$10:$CQ$10,MP_Abr.20!$G45) -> 0 | AB16: =COUNTIF(MP_Abr.20!$F$11:$CQ$11,MP_Abr.20!$G45) -> 0 | AC16: =COUNTIF(MP_Abr.20!$F$12:$CQ$12,MP_Abr.20!$G45) -> 0 | AD16: Manutenção | AE16: =COUNTIF(MP_Mai.20!$F$7:$CT$7,MP_Mai.20!$G45) -> 0 | AF16: =COUNTIF(MP_Mai.20!$F$8:$CT$8,MP_Mai.20!$G45) -> 0 | AG16: =COUNTIF(MP_Mai.20!$F$9:$CT$9,MP_Mai.20!$G45) -> 0 | AH16: =COUNTIF(MP_Mai.20!$F$10:$CT$10,MP_Mai.20!$G45) -> 0 | AI16: =COUNTIF(MP_Mai.20!$F$11:$CT$11,MP_Mai.20!$G45) -> 0 | AJ16: =COUNTIF(MP_Mai.20!$F$12:$CT$12,MP_Mai.20!$G45) -> 0 | AK16: Manutenção | AL16: =COUNTIF(MP_Jun.20!$F$7:$CQ$7,MP_Jun.20!$G45) -> 0 | AM16: =COUNTIF(MP_Jun.20!$F$8:$CQ$8,MP_Jun.20!$G45) -> 0 | AN16: =COUNTIF(MP_Jun.20!$F$9:$CQ$9,MP_Jun.20!$G45) -> 0 | AO16: =COUNTIF(MP_Jun.20!$F$10:$CQ$10,MP_Jun.20!$G45) -> 0 | AP16: =COUNTIF(MP_Jun.20!$F$11:$CQ$11,MP_Jun.20!$G45) -> 0 | AQ16: =COUNTIF(MP_Jun.20!$F$12:$CQ$12,MP_Jun.20!$G45) -> 0 | AR16: Manutenção | AS16: =COUNTIF(MP_Jul.20!$F$7:$CT$7,MP_Jul.20!$G45) -> 0 | AT16: =COUNTIF(MP_Jul.20!$F$8:$CT$8,MP_Jul.20!$G45) -> 0 | AU16: =COUNTIF(MP_Jul.20!$F$9:$CT$9,MP_Jul.20!$G45) -> 0 | AV16: =COUNTIF(MP_Jul.20!$F$10:$CT$10,MP_Jul.20!$G45) -> 0 | AW16: =COUNTIF(MP_Jul.20!$F$11:$CT$11,MP_Jul.20!$G45) -> 0 | AX16: =COUNTIF(MP_Jul.20!$F$12:$CT$12,MP_Jul.20!$G45) -> 0 | AY16: Manutenção | AZ16: =COUNTIF(MP_Ago.20!$F$7:$CT$7,MP_Ago.20!$G45) -> 0 | BA16: =COUNTIF(MP_Ago.20!$F$8:$CT$8,MP_Ago.20!$G45) -> 0 | BB16: =COUNTIF(MP_Ago.20!$F$9:$CT$9,MP_Ago.20!$G45) -> 0 | BC16: =COUNTIF(MP_Ago.20!$F$10:$CT$10,MP_Ago.20!$G45) -> 0 | BD16: =COUNTIF(MP_Ago.20!$F$11:$CT$11,MP_Ago.20!$G45) -> 0 | BE16: =COUNTIF(MP_Ago.20!$F$12:$CT$12,MP_Ago.20!$G45) -> 0 | BF16: Manutenção | BG16: =COUNTIF(MP_Set.20!$F$7:$CQ$7,MP_Set.20!$G45) -> 0 | BH16: =COUNTIF(MP_Set.20!$F$8:$CQ$8,MP_Set.20!$G45) -> 0 | BI16: =COUNTIF(MP_Set.20!$F$9:$CQ$9,MP_Set.20!$G45) -> 0 | BJ16: =COUNTIF(MP_Set.20!$F$10:$CQ$10,MP_Set.20!$G45) -> 0 | BK16: =COUNTIF(MP_Set.20!$F$11:$CQ$11,MP_Set.20!$G45) -> 0 | BL16: =COUNTIF(MP_Set.20!$F$12:$CQ$12,MP_Set.20!$G45) -> 0 | BM16: Manutenção | BN16: =COUNTIF(MP_Out.20!$F$7:$CT$7,MP_Out.20!$G45) -> 0 | BO16: =COUNTIF(MP_Out.20!$F$8:$CT$8,MP_Out.20!$G45) -> 0 | BP16: =COUNTIF(MP_Out.20!$F$9:$CT$9,MP_Out.20!$G45) -> 0 | BQ16: =COUNTIF(MP_Out.20!$F$10:$CT$10,MP_Out.20!$G45) -> 0 | BR16: =COUNTIF(MP_Out.20!$F$11:$CT$11,MP_Out.20!$G45) -> 0 | BS16: =COUNTIF(MP_Out.20!$F$12:$CT$12,MP_Out.20!$G45) -> 0 | BT16: Manutenção | BU16: =COUNTIF(MP_Nov.20!$F$7:$CQ$7,MP_Nov.20!$G45) -> 0 | BV16: =COUNTIF(MP_Nov.20!$F$8:$CQ$8,MP_Nov.20!$G45) -> 0 | BW16: =COUNTIF(MP_Nov.20!$F$9:$CQ$9,MP_Nov.20!$G45) -> 0 | BX16: =COUNTIF(MP_Nov.20!$F$10:$CQ$10,MP_Nov.20!$G45) -> 0 | BY16: =COUNTIF(MP_Nov.20!$F$11:$CQ$11,MP_Nov.20!$G45) -> 0 | BZ16: =COUNTIF(MP_Nov.20!$F$12:$CQ$12,MP_Nov.20!$G45) -> 0 | CA16: Manutenção | CB16: =COUNTIF(MP_Dez.20!$F$7:$CT$7,MP_Dez.20!$G45) -> 0 | CC16: =COUNTIF(MP_Dez.20!$F$8:$CT$8,MP_Dez.20!$G45) -> 0 | CD16: =COUNTIF(MP_Dez.20!$F$9:$CT$9,MP_Dez.20!$G45) -> 0 | CE16: =COUNTIF(MP_Dez.20!$F$10:$CT$10,MP_Dez.20!$G45) -> 0 | CF16: =COUNTIF(MP_Dez.20!$F$11:$CT$11,MP_Dez.20!$G45) -> 0 | CG16: =COUNTIF(MP_Dez.20!$F$12:$CT$12,MP_Dez.20!$G45) -> 0
B17: Livre | C17: =COUNTIF(MP_Jan.20!$F$7:$CT$7,MP_Jan.20!$G46) -> 2 | D17: =COUNTIF(MP_Jan.20!$F$8:$CT$8,MP_Jan.20!$G46) -> 2 | E17: =COUNTIF(MP_Jan.20!$F$9:$CT$9,MP_Jan.20!$G46) -> 3 | F17: =COUNTIF(MP_Jan.20!$F$10:$CT$10,MP_Jan.20!$G46) -> 1 | G17: =COUNTIF(MP_Jan.20!$F$11:$CT$11,MP_Jan.20!$G46) -> 4 | H17: =COUNTIF(MP_Jan.20!$F$12:$CT$12,MP_Jan.20!$G46) -> 10 | I17: Livre | J17: =COUNTIF(MP_Fev.20!$F$7:$CN$7,MP_Fev.20!$G46) -> 0 | K17: =COUNTIF(MP_Fev.20!$F$8:$CN$8,MP_Fev.20!$G46) -> 0 | L17: =COUNTIF(MP_Fev.20!$F$9:$CN$9,MP_Fev.20!$G46) -> 0 | M17: =COUNTIF(MP_Fev.20!$F$10:$CN$10,MP_Fev.20!$G46) -> 0 | N17: =COUNTIF(MP_Fev.20!$F$11:$CN$11,MP_Fev.20!$G46) -> 0 | O17: =COUNTIF(MP_Fev.20!$F$12:$CN$12,MP_Fev.20!$G46) -> 0 | P17: Livre | Q17: =COUNTIF(MP_Mar.20!$F$7:$CT$7,MP_Mar.20!$G46) -> 0 | R17: =COUNTIF(MP_Mar.20!$F$8:$CT$8,MP_Mar.20!$G46) -> 0 | S17: =COUNTIF(MP_Mar.20!$F$9:$CT$9,MP_Mar.20!$G46) -> 0 | T17: =COUNTIF(MP_Mar.20!$F$10:$CT$10,MP_Mar.20!$G46) -> 0 | U17: =COUNTIF(MP_Mar.20!$F$11:$CT$11,MP_Mar.20!$G46) -> 0 | V17: =COUNTIF(MP_Mar.20!$F$12:$CT$12,MP_Mar.20!$G46) -> 0 | W17: Livre | X17: =COUNTIF(MP_Abr.20!$F$7:$CQ$7,MP_Abr.20!$G46) -> 0 | Y17: =COUNTIF(MP_Abr.20!$F$8:$CQ$8,MP_Abr.20!$G46) -> 0 | Z17: =COUNTIF(MP_Abr.20!$F$9:$CQ$9,MP_Abr.20!$G46) -> 0 | AA17: =COUNTIF(MP_Abr.20!$F$10:$CQ$10,MP_Abr.20!$G46) -> 0 | AB17: =COUNTIF(MP_Abr.20!$F$11:$CQ$11,MP_Abr.20!$G46) -> 0 | AC17: =COUNTIF(MP_Abr.20!$F$12:$CQ$12,MP_Abr.20!$G46) -> 0 | AD17: Livre | AE17: =COUNTIF(MP_Mai.20!$F$7:$CT$7,MP_Mai.20!$G46) -> 0 | AF17: =COUNTIF(MP_Mai.20!$F$8:$CT$8,MP_Mai.20!$G46) -> 0 | AG17: =COUNTIF(MP_Mai.20!$F$9:$CT$9,MP_Mai.20!$G46) -> 0 | AH17: =COUNTIF(MP_Mai.20!$F$10:$CT$10,MP_Mai.20!$G46) -> 0 | AI17: =COUNTIF(MP_Mai.20!$F$11:$CT$11,MP_Mai.20!$G46) -> 0 | AJ17: =COUNTIF(MP_Mai.20!$F$12:$CT$12,MP_Mai.20!$G46) -> 0 | AK17: Livre | AL17: =COUNTIF(MP_Jun.20!$F$7:$CQ$7,MP_Jun.20!$G46) -> 0 | AM17: =COUNTIF(MP_Jun.20!$F$8:$CQ$8,MP_Jun.20!$G46) -> 0 | AN17: =COUNTIF(MP_Jun.20!$F$9:$CQ$9,MP_Jun.20!$G46) -> 0 | AO17: =COUNTIF(MP_Jun.20!$F$10:$CQ$10,MP_Jun.20!$G46) -> 0 | AP17: =COUNTIF(MP_Jun.20!$F$11:$CQ$11,MP_Jun.20!$G46) -> 0 | AQ17: =COUNTIF(MP_Jun.20!$F$12:$CQ$12,MP_Jun.20!$G46) -> 0 | AR17: Livre | AS17: =COUNTIF(MP_Jul.20!$F$7:$CT$7,MP_Jul.20!$G46) -> 0 | AT17: =COUNTIF(MP_Jul.20!$F$8:$CT$8,MP_Jul.20!$G46) -> 0 | AU17: =COUNTIF(MP_Jul.20!$F$9:$CT$9,MP_Jul.20!$G46) -> 0 | AV17: =COUNTIF(MP_Jul.20!$F$10:$CT$10,MP_Jul.20!$G46) -> 0 | AW17: =COUNTIF(MP_Jul.20!$F$11:$CT$11,MP_Jul.20!$G46) -> 0 | AX17: =COUNTIF(MP_Jul.20!$F$12:$CT$12,MP_Jul.20!$G46) -> 0 | AY17: Livre | AZ17: =COUNTIF(MP_Ago.20!$F$7:$CT$7,MP_Ago.20!$G46) -> 0 | BA17: =COUNTIF(MP_Ago.20!$F$8:$CT$8,MP_Ago.20!$G46) -> 0 | BB17: =COUNTIF(MP_Ago.20!$F$9:$CT$9,MP_Ago.20!$G46) -> 0 | BC17: =COUNTIF(MP_Ago.20!$F$10:$CT$10,MP_Ago.20!$G46) -> 0 | BD17: =COUNTIF(MP_Ago.20!$F$11:$CT$11,MP_Ago.20!$G46) -> 0 | BE17: =COUNTIF(MP_Ago.20!$F$12:$CT$12,MP_Ago.20!$G46) -> 0 | BF17: Livre | BG17: =COUNTIF(MP_Set.20!$F$7:$CQ$7,MP_Set.20!$G46) -> 0 | BH17: =COUNTIF(MP_Set.20!$F$8:$CQ$8,MP_Set.20!$G46) -> 0 | BI17: =COUNTIF(MP_Set.20!$F$9:$CQ$9,MP_Set.20!$G46) -> 0 | BJ17: =COUNTIF(MP_Set.20!$F$10:$CQ$10,MP_Set.20!$G46) -> 0 | BK17: =COUNTIF(MP_Set.20!$F$11:$CQ$11,MP_Set.20!$G46) -> 0 | BL17: =COUNTIF(MP_Set.20!$F$12:$CQ$12,MP_Set.20!$G46) -> 0 | BM17: Livre | BN17: =COUNTIF(MP_Out.20!$F$7:$CT$7,MP_Out.20!$G46) -> 0 | BO17: =COUNTIF(MP_Out.20!$F$8:$CT$8,MP_Out.20!$G46) -> 0 | BP17: =COUNTIF(MP_Out.20!$F$9:$CT$9,MP_Out.20!$G46) -> 0 | BQ17: =COUNTIF(MP_Out.20!$F$10:$CT$10,MP_Out.20!$G46) -> 0 | BR17: =COUNTIF(MP_Out.20!$F$11:$CT$11,MP_Out.20!$G46) -> 0 | BS17: =COUNTIF(MP_Out.20!$F$12:$CT$12,MP_Out.20!$G46) -> 0 | BT17: Livre | BU17: =COUNTIF(MP_Nov.20!$F$7:$CQ$7,MP_Nov.20!$G46) -> 0 | BV17: =COUNTIF(MP_Nov.20!$F$8:$CQ$8,MP_Nov.20!$G46) -> 0 | BW17: =COUNTIF(MP_Nov.20!$F$9:$CQ$9,MP_Nov.20!$G46) -> 0 | BX17: =COUNTIF(MP_Nov.20!$F$10:$CQ$10,MP_Nov.20!$G46) -> 0 | BY17: =COUNTIF(MP_Nov.20!$F$11:$CQ$11,MP_Nov.20!$G46) -> 0 | BZ17: =COUNTIF(MP_Nov.20!$F$12:$CQ$12,MP_Nov.20!$G46) -> 0 | CA17: Livre | CB17: =COUNTIF(MP_Dez.20!$F$7:$CT$7,MP_Dez.20!$G46) -> 0 | CC17: =COUNTIF(MP_Dez.20!$F$8:$CT$8,MP_Dez.20!$G46) -> 0 | CD17: =COUNTIF(MP_Dez.20!$F$9:$CT$9,MP_Dez.20!$G46) -> 0 | CE17: =COUNTIF(MP_Dez.20!$F$10:$CT$10,MP_Dez.20!$G46) -> 0 | CF17: =COUNTIF(MP_Dez.20!$F$11:$CT$11,MP_Dez.20!$G46) -> 0 | CG17: =COUNTIF(MP_Dez.20!$F$12:$CT$12,MP_Dez.20!$G46) -> 0
C18: =C6 -> HPLC.0034 | D18: =D6 -> HPLC.0035 | E18: =E6 -> HPLC.0036 | F18: =F6 -> HPLC.0037 | G18: =G6 -> HPLC.0045 | H18: =H6 -> HPLC.0050 | J18: =J6 -> HPLC.0034 | K18: =K6 -> HPLC.0035 | L18: =L6 -> HPLC.0036 | M18: =M6 -> HPLC.0037 | N18: =N6 -> HPLC.0045 | O18: =O6 -> HPLC.0050 | Q18: =Q6 -> HPLC.0034 | R18: =R6 -> HPLC.0035 | S18: =S6 -> HPLC.0036 | T18: =T6 -> HPLC.0037 | U18: =U6 -> HPLC.0045 | V18: =V6 -> HPLC.0050 | X18: =X6 -> HPLC.0034 | Y18: =Y6 -> HPLC.0035 | Z18: =Z6 -> HPLC.0036 | AA18: =AA6 -> HPLC.0037 | AB18: =AB6 -> HPLC.0045 | AC18: =AC6 -> HPLC.0050 | AE18: =AE6 -> HPLC.0034 | AF18: =AF6 -> HPLC.0035 | AG18: =AG6 -> HPLC.0036 | AH18: =AH6 -> HPLC.0037 | AI18: =AI6 -> HPLC.0045 | AJ18: =AJ6 -> HPLC.0050 | AL18: =AL6 -> HPLC.0034 | AM18: =AM6 -> HPLC.0035 | AN18: =AN6 -> HPLC.0036 | AO18: =AO6 -> HPLC.0037 | AP18: =AP6 -> HPLC.0045 | AQ18: =AQ6 -> HPLC.0050 | AS18: =AS6 -> HPLC.0034 | AT18: =AT6 -> HPLC.0035 | AU18: =AU6 -> HPLC.0036 | AV18: =AV6 -> HPLC.0037 | AW18: =AW6 -> HPLC.0045 | AX18: =AX6 -> HPLC.0050 | AZ18: =AZ6 -> HPLC.0034 | BA18: =BA6 -> HPLC.0035 | BB18: =BB6 -> HPLC.0036 | BC18: =BC6 -> HPLC.0037 | BD18: =BD6 -> HPLC.0045 | BE18: =BE6 -> HPLC.0050 | BG18: =BG6 -> HPLC.0034 | BH18: =BH6 -> HPLC.0035 | BI18: =BI6 -> HPLC.0036 | BJ18: =BJ6 -> HPLC.0037 | BK18: =BK6 -> HPLC.0045 | BL18: =BL6 -> HPLC.0050 | BN18: =BN6 -> HPLC.0034 | BO18: =BO6 -> HPLC.0035 | BP18: =BP6 -> HPLC.0036 | BQ18: =BQ6 -> HPLC.0037 | BR18: =BR6 -> HPLC.0045 | BS18: =BS6 -> HPLC.0050 | BU18: =BU6 -> HPLC.0034 | BV18: =BV6 -> HPLC.0035 | BW18: =BW6 -> HPLC.0036 | BX18: =BX6 -> HPLC.0037 | BY18: =BY6 -> HPLC.0045 | BZ18: =BZ6 -> HPLC.0050 | CB18: =CB6 -> HPLC.0034 | CC18: =CC6 -> HPLC.0035 | CD18: =CD6 -> HPLC.0036 | CE18: =CE6 -> HPLC.0037 | CF18: =CF6 -> HPLC.0045 | CG18: =CG6 -> HPLC.0050
B19: Dias em uso | C19: =SUM(C7:C8,C10:C15) -> 13 | D19: =SUM(D7:D8,D10:D15) -> 13 | E19: =SUM(E7:E8,E10:E15) -> 11 | F19: =SUM(F7:F8,F10:F15) -> 11 | G19: =SUM(G7:G8,G10:G15) -> 10 | H19: =SUM(H7:H8,H10:H15) -> 0 | I19: Dias em uso | J19: =SUM(J7:J8,J10:J15) -> 0 | K19: =SUM(K7:K8,K10:K15) -> 0 | L19: =SUM(L7:L8,L10:L15) -> 0 | M19: =SUM(M7:M8,M10:M15) -> 0 | N19: =SUM(N7:N8,N10:N15) -> 0 | O19: =SUM(O7:O8,O10:O15) -> 0 | P19: Dias em uso | Q19: =SUM(Q7:Q8,Q10:Q15) -> 0 | R19: =SUM(R7:R8,R10:R15) -> 0 | S19: =SUM(S7:S8,S10:S15) -> 0 | T19: =SUM(T7:T8,T10:T15) -> 0 | U19: =SUM(U7:U8,U10:U15) -> 0 | V19: =SUM(V7:V8,V10:V15) -> 0 | W19: Dias em uso | X19: =SUM(X7:X8,X10:X15) -> 0 | Y19: =SUM(Y7:Y8,Y10:Y15) -> 0 | Z19: =SUM(Z7:Z8,Z10:Z15) -> 0 | AA19: =SUM(AA7:AA8,AA10:AA15) -> 0 | AB19: =SUM(AB7:AB8,AB10:AB15) -> 0 | AC19: =SUM(AC7:AC8,AC10:AC15) -> 0 | AD19: Dias em uso | AE19: =SUM(AE7:AE8,AE10:AE15) -> 0 | AF19: =SUM(AF7:AF8,AF10:AF15) -> 0 | AG19: =SUM(AG7:AG8,AG10:AG15) -> 0 | AH19: =SUM(AH7:AH8,AH10:AH15) -> 0 | AI19: =SUM(AI7:AI8,AI10:AI15) -> 0 | AJ19: =SUM(AJ7:AJ8,AJ10:AJ15) -> 0 | AK19: Dias em uso | AL19: =SUM(AL7:AL8,AL10:AL15) -> 0 | AM19: =SUM(AM7:AM8,AM10:AM15) -> 0 | AN19: =SUM(AN7:AN8,AN10:AN15) -> 0 | AO19: =SUM(AO7:AO8,AO10:AO15) -> 0 | AP19: =SUM(AP7:AP8,AP10:AP15) -> 0 | AQ19: =SUM(AQ7:AQ8,AQ10:AQ15) -> 0 | AR19: Dias em uso | AS19: =SUM(AS7:AS8,AS10:AS15) -> 0 | AT19: =SUM(AT7:AT8,AT10:AT15) -> 0 | AU19: =SUM(AU7:AU8,AU10:AU15) -> 0 | AV19: =SUM(AV7:AV8,AV10:AV15) -> 0 | AW19: =SUM(AW7:AW8,AW10:AW15) -> 0 | AX19: =SUM(AX7:AX8,AX10:AX15) -> 0 | AY19: Dias em uso | AZ19: =SUM(AZ7:AZ8,AZ10:AZ15) -> 0 | BA19: =SUM(BA7:BA8,BA10:BA15) -> 0 | BB19: =SUM(BB7:BB8,BB10:BB15) -> 0 | BC19: =SUM(BC7:BC8,BC10:BC15) -> 0 | BD19: =SUM(BD7:BD8,BD10:BD15) -> 0 | BE19: =SUM(BE7:BE8,BE10:BE15) -> 0 | BF19: Dias em uso | BG19: =SUM(BG7:BG8,BG10:BG15) -> 0 | BH19: =SUM(BH7:BH8,BH10:BH15) -> 0 | BI19: =SUM(BI7:BI8,BI10:BI15) -> 0 | BJ19: =SUM(BJ7:BJ8,BJ10:BJ15) -> 0 | BK19: =SUM(BK7:BK8,BK10:BK15) -> 0 | BL19: =SUM(BL7:BL8,BL10:BL15) -> 0 | BM19: Dias em uso | BN19: =SUM(BN7:BN8,BN10:BN15) -> 0 | BO19: =SUM(BO7:BO8,BO10:BO15) -> 0 | BP19: =SUM(BP7:BP8,BP10:BP15) -> 0 | BQ19: =SUM(BQ7:BQ8,BQ10:BQ15) -> 0 | BR19: =SUM(BR7:BR8,BR10:BR15) -> 0 | BS19: =SUM(BS7:BS8,BS10:BS15) -> 0 | BT19: Dias em uso | BU19: =SUM(BU7:BU8,BU10:BU15) -> 0 | BV19: =SUM(BV7:BV8,BV10:BV15) -> 0 | BW19: =SUM(BW7:BW8,BW10:BW15) -> 0 | BX19: =SUM(BX7:BX8,BX10:BX15) -> 0 | BY19: =SUM(BY7:BY8,BY10:BY15) -> 0 | BZ19: =SUM(BZ7:BZ8,BZ10:BZ15) -> 0 | CA19: Dias em uso | CB19: =SUM(CB7:CB8,CB10:CB15) -> 0 | CC19: =SUM(CC7:CC8,CC10:CC15) -> 0 | CD19: =SUM(CD7:CD8,CD10:CD15) -> 0 | CE19: =SUM(CE7:CE8,CE10:CE15) -> 0 | CF19: =SUM(CF7:CF8,CF10:CF15) -> 0 | CG19: =SUM(CG7:CG8,CG10:CG15) -> 0
B20: Dias livre | C20: =SUM(C9,C16:C17) -> 2 | D20: =SUM(D9,D16:D17) -> 2 | E20: =SUM(E9,E16:E17) -> 3 | F20: =SUM(F9,F16:F17) -> 1 | G20: =SUM(G9,G16:G17) -> 4 | H20: =SUM(H9,H16:H17) -> 10 | I20: Dias livre | J20: =SUM(J9,J16:J17) -> 0 | K20: =SUM(K9,K16:K17) -> 0 | L20: =SUM(L9,L16:L17) -> 0 | M20: =SUM(M9,M16:M17) -> 0 | N20: =SUM(N9,N16:N17) -> 0 | O20: =SUM(O9,O16:O17) -> 0 | P20: Dias livre | Q20: =SUM(Q9,Q16:Q17) -> 0 | R20: =SUM(R9,R16:R17) -> 0 | S20: =SUM(S9,S16:S17) -> 0 | T20: =SUM(T9,T16:T17) -> 0 | U20: =SUM(U9,U16:U17) -> 0 | V20: =SUM(V9,V16:V17) -> 0 | W20: Dias livre | X20: =SUM(X9,X16:X17) -> 0 | Y20: =SUM(Y9,Y16:Y17) -> 0 | Z20: =SUM(Z9,Z16:Z17) -> 0 | AA20: =SUM(AA9,AA16:AA17) -> 0 | AB20: =SUM(AB9,AB16:AB17) -> 0 | AC20: =SUM(AC9,AC16:AC17) -> 0 | AD20: Dias livre | AE20: =SUM(AE9,AE16:AE17) -> 0 | AF20: =SUM(AF9,AF16:AF17) -> 0 | AG20: =SUM(AG9,AG16:AG17) -> 0 | AH20: =SUM(AH9,AH16:AH17) -> 0 | AI20: =SUM(AI9,AI16:AI17) -> 0 | AJ20: =SUM(AJ9,AJ16:AJ17) -> 0 | AK20: Dias livre | AL20: =SUM(AL9,AL16:AL17) -> 0 | AM20: =SUM(AM9,AM16:AM17) -> 0 | AN20: =SUM(AN9,AN16:AN17) -> 0 | AO20: =SUM(AO9,AO16:AO17) -> 0 | AP20: =SUM(AP9,AP16:AP17) -> 0 | AQ20: =SUM(AQ9,AQ16:AQ17) -> 0 | AR20: Dias livre | AS20: =SUM(AS9,AS16:AS17) -> 0 | AT20: =SUM(AT9,AT16:AT17) -> 0 | AU20: =SUM(AU9,AU16:AU17) -> 0 | AV20: =SUM(AV9,AV16:AV17) -> 0 | AW20: =SUM(AW9,AW16:AW17) -> 0 | AX20: =SUM(AX9,AX16:AX17) -> 0 | AY20: Dias livre | AZ20: =SUM(AZ9,AZ16:AZ17) -> 0 | BA20: =SUM(BA9,BA16:BA17) -> 0 | BB20: =SUM(BB9,BB16:BB17) -> 0 | BC20: =SUM(BC9,BC16:BC17) -> 0 | BD20: =SUM(BD9,BD16:BD17) -> 0 | BE20: =SUM(BE9,BE16:BE17) -> 0 | BF20: Dias livre | BG20: =SUM(BG9,BG16:BG17) -> 0 | BH20: =SUM(BH9,BH16:BH17) -> 0 | BI20: =SUM(BI9,BI16:BI17) -> 0 | BJ20: =SUM(BJ9,BJ16:BJ17) -> 0 | BK20: =SUM(BK9,BK16:BK17) -> 0 | BL20: =SUM(BL9,BL16:BL17) -> 0 | BM20: Dias livre | BN20: =SUM(BN9,BN16:BN17) -> 0 | BO20: =SUM(BO9,BO16:BO17) -> 0 | BP20: =SUM(BP9,BP16:BP17) -> 0 | BQ20: =SUM(BQ9,BQ16:BQ17) -> 0 | BR20: =SUM(BR9,BR16:BR17) -> 0 | BS20: =SUM(BS9,BS16:BS17) -> 0 | BT20: Dias livre | BU20: =SUM(BU9,BU16:BU17) -> 0 | BV20: =SUM(BV9,BV16:BV17) -> 0 | BW20: =SUM(BW9,BW16:BW17) -> 0 | BX20: =SUM(BX9,BX16:BX17) -> 0 | BY20: =SUM(BY9,BY16:BY17) -> 0 | BZ20: =SUM(BZ9,BZ16:BZ17) -> 0 | CA20: Dias livre | CB20: =SUM(CB9,CB16:CB17) -> 0 | CC20: =SUM(CC9,CC16:CC17) -> 0 | CD20: =SUM(CD9,CD16:CD17) -> 0 | CE20: =SUM(CE9,CE16:CE17) -> 0 | CF20: =SUM(CF9,CF16:CF17) -> 0 | CG20: =SUM(CG9,CG16:CG17) -> 0
B22: HPLC.0034 | D22: HPLC.0035 | F22: HPLC.0036 | H22: HPLC.0037 | J22: HPLC.0045 | L22: HPLC.0050
A23: 0 | B23: Janeiro | C23: =INDEX($C$19:$CG$20,1,MATCH(B$22,$C$18:$CG$18,0)+$A23) -> 13 | E23: =INDEX($C$19:$CG$20,1,MATCH(D$22,$C$18:$CG$18,0)+$A23) -> 13 | G23: =INDEX($C$19:$CG$20,1,MATCH(F$22,$C$18:$CG$18,0)+$A23) -> 11 | I23: =INDEX($C$19:$CG$20,1,MATCH(H$22,$C$18:$CG$18,0)+$A23) -> 11 | K23: =INDEX($C$19:$CG$20,1,MATCH(J$22,$C$18:$CG$18,0)+$A23) -> 10 | M23: =INDEX($C$19:$CG$20,1,MATCH(L$22,$C$18:$CG$18,0)+$A23) -> 0
A24: =A23+7 -> 7 | B24: Fevereiro | C24: =INDEX($C$19:$CG$20,1,MATCH(B$22,$C$18:$CG$18,0)+$A24) -> 0 | E24: =INDEX($C$19:$CG$20,1,MATCH(D$22,$C$18:$CG$18,0)+$A24) -> 0 | G24: =INDEX($C$19:$CG$20,1,MATCH(F$22,$C$18:$CG$18,0)+$A24) -> 0 | I24: =INDEX($C$19:$CG$20,1,MATCH(H$22,$C$18:$CG$18,0)+$A24) -> 0 | K24: =INDEX($C$19:$CG$20,1,MATCH(J$22,$C$18:$CG$18,0)+$A24) -> 0 | M24: =INDEX($C$19:$CG$20,1,MATCH(L$22,$C$18:$CG$18,0)+$A24) -> 0
A25: =A24+7 -> 14 | B25: Março | C25: =INDEX($C$19:$CG$20,1,MATCH(B$22,$C$18:$CG$18,0)+$A25) -> 0 | E25: =INDEX($C$19:$CG$20,1,MATCH(D$22,$C$18:$CG$18,0)+$A25) -> 0 | G25: =INDEX($C$19:$CG$20,1,MATCH(F$22,$C$18:$CG$18,0)+$A25) -> 0 | I25: =INDEX($C$19:$CG$20,1,MATCH(H$22,$C$18:$CG$18,0)+$A25) -> 0 | K25: =INDEX($C$19:$CG$20,1,MATCH(J$22,$C$18:$CG$18,0)+$A25) -> 0 | M25: =INDEX($C$19:$CG$20,1,MATCH(L$22,$C$18:$CG$18,0)+$A25) -> 0
A26: =A25+7 -> 21 | B26: Abril | C26: =INDEX($C$19:$CG$20,1,MATCH(B$22,$C$18:$CG$18,0)+$A26) -> 0 | E26: =INDEX($C$19:$CG$20,1,MATCH(D$22,$C$18:$CG$18,0)+$A26) -> 0 | G26: =INDEX($C$19:$CG$20,1,MATCH(F$22,$C$18:$CG$18,0)+$A26) -> 0 | I26: =INDEX($C$19:$CG$20,1,MATCH(H$22,$C$18:$CG$18,0)+$A26) -> 0 | K26: =INDEX($C$19:$CG$20,1,MATCH(J$22,$C$18:$CG$18,0)+$A26) -> 0 | M26: =INDEX($C$19:$CG$20,1,MATCH(L$22,$C$18:$CG$18,0)+$A26) -> 0
A27: =A26+7 -> 28 | B27: Maio | C27: =INDEX($C$19:$CG$20,1,MATCH(B$22,$C$18:$CG$18,0)+$A27) -> 0 | E27: =INDEX($C$19:$CG$20,1,MATCH(D$22,$C$18:$CG$18,0)+$A27) -> 0 | G27: =INDEX($C$19:$CG$20,1,MATCH(F$22,$C$18:$CG$18,0)+$A27) -> 0 | I27: =INDEX($C$19:$CG$20,1,MATCH(H$22,$C$18:$CG$18,0)+$A27) -> 0 | K27: =INDEX($C$19:$CG$20,1,MATCH(J$22,$C$18:$CG$18,0)+$A27) -> 0 | M27: =INDEX($C$19:$CG$20,1,MATCH(L$22,$C$18:$CG$18,0)+$A27) -> 0
A28: =A27+7 -> 35 | B28: Junho | C28: =INDEX($C$19:$CG$20,1,MATCH(B$22,$C$18:$CG$18,0)+$A28) -> 0 | E28: =INDEX($C$19:$CG$20,1,MATCH(D$22,$C$18:$CG$18,0)+$A28) -> 0 | G28: =INDEX($C$19:$CG$20,1,MATCH(F$22,$C$18:$CG$18,0)+$A28) -> 0 | I28: =INDEX($C$19:$CG$20,1,MATCH(H$22,$C$18:$CG$18,0)+$A28) -> 0 | K28: =INDEX($C$19:$CG$20,1,MATCH(J$22,$C$18:$CG$18,0)+$A28) -> 0 | M28: =INDEX($C$19:$CG$20,1,MATCH(L$22,$C$18:$CG$18,0)+$A28) -> 0
A29: =A28+7 -> 42 | B29: Julho | C29: =INDEX($C$19:$CG$20,1,MATCH(B$22,$C$18:$CG$18,0)+$A29) -> 0 | E29: =INDEX($C$19:$CG$20,1,MATCH(D$22,$C$18:$CG$18,0)+$A29) -> 0 | G29: =INDEX($C$19:$CG$20,1,MATCH(F$22,$C$18:$CG$18,0)+$A29) -> 0 | I29: =INDEX($C$19:$CG$20,1,MATCH(H$22,$C$18:$CG$18,0)+$A29) -> 0 | K29: =INDEX($C$19:$CG$20,1,MATCH(J$22,$C$18:$CG$18,0)+$A29) -> 0 | M29: =INDEX($C$19:$CG$20,1,MATCH(L$22,$C$18:$CG$18,0)+$A29) -> 0
A30: =A29+7 -> 49 | B30: Agosto | C30: =INDEX($C$19:$CG$20,1,MATCH(B$22,$C$18:$CG$18,0)+$A30) -> 0 | E30: =INDEX($C$19:$CG$20,1,MATCH(D$22,$C$18:$CG$18,0)+$A30) -> 0 | G30: =INDEX($C$19:$CG$20,1,MATCH(F$22,$C$18:$CG$18,0)+$A30) -> 0 | I30: =INDEX($C$19:$CG$20,1,MATCH(H$22,$C$18:$CG$18,0)+$A30) -> 0 | K30: =INDEX($C$19:$CG$20,1,MATCH(J$22,$C$18:$CG$18,0)+$A30) -> 0 | M30: =INDEX($C$19:$CG$20,1,MATCH(L$22,$C$18:$CG$18,0)+$A30) -> 0
A31: =A30+7 -> 56 | B31: Setembro | C31: =INDEX($C$19:$CG$20,1,MATCH(B$22,$C$18:$CG$18,0)+$A31) -> 0 | E31: =INDEX($C$19:$CG$20,1,MATCH(D$22,$C$18:$CG$18,0)+$A31) -> 0 | G31: =INDEX($C$19:$CG$20,1,MATCH(F$22,$C$18:$CG$18,0)+$A31) -> 0 | I31: =INDEX($C$19:$CG$20,1,MATCH(H$22,$C$18:$CG$18,0)+$A31) -> 0 | K31: =INDEX($C$19:$CG$20,1,MATCH(J$22,$C$18:$CG$18,0)+$A31) -> 0 | M31: =INDEX($C$19:$CG$20,1,MATCH(L$22,$C$18:$CG$18,0)+$A31) -> 0
A32: =A31+7 -> 63 | B32: Outubro | C32: =INDEX($C$19:$CG$20,1,MATCH(B$22,$C$18:$CG$18,0)+$A32) -> 0 | E32: =INDEX($C$19:$CG$20,1,MATCH(D$22,$C$18:$CG$18,0)+$A32) -> 0 | G32: =INDEX($C$19:$CG$20,1,MATCH(F$22,$C$18:$CG$18,0)+$A32) -> 0 | I32: =INDEX($C$19:$CG$20,1,MATCH(H$22,$C$18:$CG$18,0)+$A32) -> 0 | K32: =INDEX($C$19:$CG$20,1,MATCH(J$22,$C$18:$CG$18,0)+$A32) -> 0 | M32: =INDEX($C$19:$CG$20,1,MATCH(L$22,$C$18:$CG$18,0)+$A32) -> 0
A33: =A32+7 -> 70 | B33: Novembro | C33: =INDEX($C$19:$CG$20,1,MATCH(B$22,$C$18:$CG$18,0)+$A33) -> 0 | E33: =INDEX($C$19:$CG$20,1,MATCH(D$22,$C$18:$CG$18,0)+$A33) -> 0 | G33: =INDEX($C$19:$CG$20,1,MATCH(F$22,$C$18:$CG$18,0)+$A33) -> 0 | I33: =INDEX($C$19:$CG$20,1,MATCH(H$22,$C$18:$CG$18,0)+$A33) -> 0 | K33: =INDEX($C$19:$CG$20,1,MATCH(J$22,$C$18:$CG$18,0)+$A33) -> 0 | M33: =INDEX($C$19:$CG$20,1,MATCH(L$22,$C$18:$CG$18,0)+$A33) -> 0
A34: =A33+7 -> 77 | B34: Dezembro | C34: =INDEX($C$19:$CG$20,1,MATCH(B$22,$C$18:$CG$18,0)+$A34) -> 0 | E34: =INDEX($C$19:$CG$20,1,MATCH(D$22,$C$18:$CG$18,0)+$A34) -> 0 | G34: =INDEX($C$19:$CG$20,1,MATCH(F$22,$C$18:$CG$18,0)+$A34) -> 0 | I34: =INDEX($C$19:$CG$20,1,MATCH(H$22,$C$18:$CG$18,0)+$A34) -> 0 | K34: =INDEX($C$19:$CG$20,1,MATCH(J$22,$C$18:$CG$18,0)+$A34) -> 0 | M34: =INDEX($C$19:$CG$20,1,MATCH(L$22,$C$18:$CG$18,0)+$A34) -> 0

Sheet MP_Jan.20
A1: ="Calendário de uso HPLC - "&IF(MONTH(F4)=1,CX1,IF(MONTH(F4)=2,CX2,IF(MONTH(F4)=3,CX3,IF(MONTH(F4)=4,CX4,IF(MONTH(F4)=5,CX5,IF(MONTH(F4)=6,CX6,IF(MONTH(F4)=7,CX7,IF(MONTH(F4)=8,CX8,IF(MONTH(F4)=9,CX9,IF(MONTH(F4)=10,CX10,IF(MONTH(F4)=11,CX11,IF(MONTH(F4)=12,CX12,"NA")))))))))))) & "/" & YEAR(F4) & " - Equipe MP" -> Calendário de uso HPLC - Janeiro/2020 - Equipe MP | CU1: 1 | CV1: Segunda-Feira | CW1: 1 | CX1: Janeiro
CU2: 2 | CV2: Terça-Feira | CW2: 2 | CX2: Fevereiro
F3: =F5 -> Quarta-Feira | G3: =F5 -> Quarta-Feira | H3: =F5 -> Quarta-Feira | I3: =I5 -> Quinta-Feira | J3: =I5 -> Quinta-Feira | K3: =I5 -> Quinta-Feira | L3: =L5 -> Sexta-Feira | M3: =L5 -> Sexta-Feira | N3: =L5 -> Sexta-Feira | O3: =O5 -> Sábado | P3: =O5 -> Sábado | Q3: =O5 -> Sábado | R3: =R5 -> Domingo | S3: =R5 -> Domingo | T3: =R5 -> Domingo | U3: =U5 -> Segunda-Feira | V3: =U5 -> Segunda-Feira | W3: =U5 -> Segunda-Feira | X3: =X5 -> Terça-Feira | Y3: =X5 -> Terça-Feira | Z3: =X5 -> Terça-Feira | AA3: =AA5 -> Quarta-Feira | AB3: =AA5 -> Quarta-Feira | AC3: =AA5 -> Quarta-Feira | AD3: =AD5 -> Quinta-Feira | AE3: =AD5 -> Quinta-Feira | AF3: =AD5 -> Quinta-Feira | AG3: =AG5 -> Sexta-Feira | AH3: =AG5 -> Sexta-Feira | AI3: =AG5 -> Sexta-Feira | AJ3: =AJ5 -> Sábado | AK3: =AJ5 -> Sábado | AL3: =AJ5 -> Sábado | AM3: =AM5 -> Domingo | AN3: =AM5 -> Domingo | AO3: =AM5 -> Domingo | AP3: =AP5 -> Segunda-Feira | AQ3: =AP5 -> Segunda-Feira | AR3: =AP5 -> Segunda-Feira | AS3: =AS5 -> Terça-Feira | AT3: =AS5 -> Terça-Feira | AU3: =AS5 -> Terça-Feira | AV3: =AV5 -> Quarta-Feira | AW3: =AV5 -> Quarta-Feira | AX3: =AV5 -> Quarta-Feira | AY3: =AY5 -> Quinta-Feira | AZ3: =AY5 -> Quinta-Feira | BA3: =AY5 -> Quinta-Feira | BB3: =BB5 -> Sexta-Feira | BC3: =BB5 -> Sexta-Feira | BD3: =BB5 -> Sexta-Feira | BE3: =BE5 -> Sábado | BF3: =BE5 -> Sábado | BG3: =BE5 -> Sábado | BH3: =BH5 -> Domingo | BI3: =BH5 -> Domingo | BJ3: =BH5 -> Domingo | BK3: =BK5 -> Segunda-Feira | BL3: =BK5 -> Segunda-Feira | BM3: =BK5 -> Segunda-Feira | BN3: =BN5 -> Terça-Feira | BO3: =BN5 -> Terça-Feira | BP3: =BN5 -> Terça-Feira | BQ3: =BQ5 -> Quarta-Feira | BR3: =BQ5 -> Quarta-Feira | BS3: =BQ5 -> Quarta-Feira | BT3: =BT5 -> Quinta-Feira | BU3: =BT5 -> Quinta-Feira | BV3: =BT5 -> Quinta-Feira | BW3: =BW5 -> Sexta-Feira | BX3: =BW5 -> Sexta-Feira | BY3: =BW5 -> Sexta-Feira | BZ3: =BZ5 -> Sábado | CA3: =BZ5 -> Sábado | CB3: =BZ5 -> Sábado | CC3: =CC5 -> Domingo | CD3: =CC5 -> Domingo | CE3: =CC5 -> Domingo | CF3: =CF5 -> Segunda-Feira | CG3: =CF5 -> Segunda-Feira | CH3: =CF5 -> Segunda-Feira | CI3: =CI5 -> Terça-Feira | CJ3: =CI5 -> Terça-Feira | CK3: =CI5 -> Terça-Feira | CL3: =CL5 -> Quarta-Feira | CM3: =CL5 -> Quarta-Feira | CN3: =CL5 -> Quarta-Feira | CO3: =CO5 -> Quinta-Feira | CP3: =CO5 -> Quinta-Feira | CQ3: =CO5 -> Quinta-Feira | CR3: =CR5 -> Sexta-Feira | CS3: =CR5 -> Sexta-Feira | CT3: =CR5 -> Sexta-Feira | CU3: 3 | CV3: Quarta-Feira | CW3: 3 | CX3: Março
F4: 43831 | I4: =F4+1 -> 43832 | L4: =I4+1 -> 43833 | O4: =L4+1 -> 43834 | R4: =O4+1 -> 43835 | U4: =R4+1 -> 43836 | X4: =U4+1 -> 43837 | AA4: =X4+1 -> 43838 | AD4: =AA4+1 -> 43839 | AG4: =AD4+1 -> 43840 | AJ4: =AG4+1 -> 43841 | AM4: =AJ4+1 -> 43842 | AP4: =AM4+1 -> 43843 | AS4: =AP4+1 -> 43844 | AV4: =AS4+1 -> 43845 | AY4: =AV4+1 -> 43846 | BB4: =AY4+1 -> 43847 | BE4: =BB4+1 -> 43848 | BH4: =BE4+1 -> 43849 | BK4: =BH4+1 -> 43850 | BN4: =BK4+1 -> 43851 | BQ4: =BN4+1 -> 43852 | BT4: =BQ4+1 -> 43853 | BW4: =BT4+1 -> 43854 | BZ4: =BW4+1 -> 43855 | CC4: =BZ4+1 -> 43856 | CF4: =CC4+1 -> 43857 | CI4: =CF4+1 -> 43858 | CL4: =CI4+1 -> 43859 | CO4: =CL4+1 -> 43860 | CR4: =CO4+1 -> 43861 | CU4: 4 | CV4: Quinta-Feira | CW4: 4 | CX4: Abril
F5: =IF(WEEKDAY(F4,2)=1,$CV$1,IF(WEEKDAY(F4,2)=2,$CV$2,IF(WEEKDAY(F4,2)=3,$CV$3,IF(WEEKDAY(F4,2)=4,$CV$4,IF(WEEKDAY(F4,2)=5,$CV$5,IF(WEEKDAY(F4,2)=6,$CV$6,IF(WEEKDAY(F4,2)=7,$CV$7,"ERRO"))))))) -> Quarta-Feira | I5: =IF(WEEKDAY(I4,2)=1,$CV$1,IF(WEEKDAY(I4,2)=2,$CV$2,IF(WEEKDAY(I4,2)=3,$CV$3,IF(WEEKDAY(I4,2)=4,$CV$4,IF(WEEKDAY(I4,2)=5,$CV$5,IF(WEEKDAY(I4,2)=6,$CV$6,IF(WEEKDAY(I4,2)=7,$CV$7,"ERRO"))))))) -> Quinta-Feira | L5: =IF(WEEKDAY(L4,2)=1,$CV$1,IF(WEEKDAY(L4,2)=2,$CV$2,IF(WEEKDAY(L4,2)=3,$CV$3,IF(WEEKDAY(L4,2)=4,$CV$4,IF(WEEKDAY(L4,2)=5,$CV$5,IF(WEEKDAY(L4,2)=6,$CV$6,IF(WEEKDAY(L4,2)=7,$CV$7,"ERRO"))))))) -> Sexta-Feira | O5: =IF(WEEKDAY(O4,2)=1,$CV$1,IF(WEEKDAY(O4,2)=2,$CV$2,IF(WEEKDAY(O4,2)=3,$CV$3,IF(WEEKDAY(O4,2)=4,$CV$4,IF(WEEKDAY(O4,2)=5,$CV$5,IF(WEEKDAY(O4,2)=6,$CV$6,IF(WEEKDAY(O4,2)=7,$CV$7,"ERRO"))))))) -> Sábado | R5: =IF(WEEKDAY(R4,2)=1,$CV$1,IF(WEEKDAY(R4,2)=2,$CV$2,IF(WEEKDAY(R4,2)=3,$CV$3,IF(WEEKDAY(R4,2)=4,$CV$4,IF(WEEKDAY(R4,2)=5,$CV$5,IF(WEEKDAY(R4,2)=6,$CV$6,IF(WEEKDAY(R4,2)=7,$CV$7,"ERRO"))))))) -> Domingo | U5: =IF(WEEKDAY(U4,2)=1,$CV$1,IF(WEEKDAY(U4,2)=2,$CV$2,IF(WEEKDAY(U4,2)=3,$CV$3,IF(WEEKDAY(U4,2)=4,$CV$4,IF(WEEKDAY(U4,2)=5,$CV$5,IF(WEEKDAY(U4,2)=6,$CV$6,IF(WEEKDAY(U4,2)=7,$CV$7,"ERRO"))))))) -> Segunda-Feira | X5: =IF(WEEKDAY(X4,2)=1,$CV$1,IF(WEEKDAY(X4,2)=2,$CV$2,IF(WEEKDAY(X4,2)=3,$CV$3,IF(WEEKDAY(X4,2)=4,$CV$4,IF(WEEKDAY(X4,2)=5,$CV$5,IF(WEEKDAY(X4,2)=6,$CV$6,IF(WEEKDAY(X4,2)=7,$CV$7,"ERRO"))))))) -> Terça-Feira | AA5: =IF(WEEKDAY(AA4,2)=1,$CV$1,IF(WEEKDAY(AA4,2)=2,$CV$2,IF(WEEKDAY(AA4,2)=3,$CV$3,IF(WEEKDAY(AA4,2)=4,$CV$4,IF(WEEKDAY(AA4,2)=5,$CV$5,IF(WEEKDAY(AA4,2)=6,$CV$6,IF(WEEKDAY(AA4,2)=7,$CV$7,"ERRO"))))))) -> Quarta-Feira | AD5: =IF(WEEKDAY(AD4,2)=1,$CV$1,IF(WEEKDAY(AD4,2)=2,$CV$2,IF(WEEKDAY(AD4,2)=3,$CV$3,IF(WEEKDAY(AD4,2)=4,$CV$4,IF(WEEKDAY(AD4,2)=5,$CV$5,IF(WEEKDAY(AD4,2)=6,$CV$6,IF(WEEKDAY(AD4,2)=7,$CV$7,"ERRO"))))))) -> Quinta-Feira | AG5: =IF(WEEKDAY(AG4,2)=1,$CV$1,IF(WEEKDAY(AG4,2)=2,$CV$2,IF(WEEKDAY(AG4,2)=3,$CV$3,IF(WEEKDAY(AG4,2)=4,$CV$4,IF(WEEKDAY(AG4,2)=5,$CV$5,IF(WEEKDAY(AG4,2)=6,$CV$6,IF(WEEKDAY(AG4,2)=7,$CV$7,"ERRO"))))))) -> Sexta-Feira | AJ5: =IF(WEEKDAY(AJ4,2)=1,$CV$1,IF(WEEKDAY(AJ4,2)=2,$CV$2,IF(WEEKDAY(AJ4,2)=3,$CV$3,IF(WEEKDAY(AJ4,2)=4,$CV$4,IF(WEEKDAY(AJ4,2)=5,$CV$5,IF(WEEKDAY(AJ4,2)=6,$CV$6,IF(WEEKDAY(AJ4,2)=7,$CV$7,"ERRO"))))))) -> Sábado | AM5: =IF(WEEKDAY(AM4,2)=1,$CV$1,IF(WEEKDAY(AM4,2)=2,$CV$2,IF(WEEKDAY(AM4,2)=3,$CV$3,IF(WEEKDAY(AM4,2)=4,$CV$4,IF(WEEKDAY(AM4,2)=5,$CV$5,IF(WEEKDAY(AM4,2)=6,$CV$6,IF(WEEKDAY(AM4,2)=7,$CV$7,"ERRO"))))))) -> Domingo | AP5: =IF(WEEKDAY(AP4,2)=1,$CV$1,IF(WEEKDAY(AP4,2)=2,$CV$2,IF(WEEKDAY(AP4,2)=3,$CV$3,IF(WEEKDAY(AP4,2)=4,$CV$4,IF(WEEKDAY(AP4,2)=5,$CV$5,IF(WEEKDAY(AP4,2)=6,$CV$6,IF(WEEKDAY(AP4,2)=7,$CV$7,"ERRO"))))))) -> Segunda-Feira | AS5: =IF(WEEKDAY(AS4,2)=1,$CV$1,IF(WEEKDAY(AS4,2)=2,$CV$2,IF(WEEKDAY(AS4,2)=3,$CV$3,IF(WEEKDAY(AS4,2)=4,$CV$4,IF(WEEKDAY(AS4,2)=5,$CV$5,IF(WEEKDAY(AS4,2)=6,$CV$6,IF(WEEKDAY(AS4,2)=7,$CV$7,"ERRO"))))))) -> Terça-Feira | AV5: =IF(WEEKDAY(AV4,2)=1,$CV$1,IF(WEEKDAY(AV4,2)=2,$CV$2,IF(WEEKDAY(AV4,2)=3,$CV$3,IF(WEEKDAY(AV4,2)=4,$CV$4,IF(WEEKDAY(AV4,2)=5,$CV$5,IF(WEEKDAY(AV4,2)=6,$CV$6,IF(WEEKDAY(AV4,2)=7,$CV$7,"ERRO"))))))) -> Quarta-Feira | AY5: =IF(WEEKDAY(AY4,2)=1,$CV$1,IF(WEEKDAY(AY4,2)=2,$CV$2,IF(WEEKDAY(AY4,2)=3,$CV$3,IF(WEEKDAY(AY4,2)=4,$CV$4,IF(WEEKDAY(AY4,2)=5,$CV$5,IF(WEEKDAY(AY4,2)=6,$CV$6,IF(WEEKDAY(AY4,2)=7,$CV$7,"ERRO"))))))) -> Quinta-Feira | BB5: =IF(WEEKDAY(BB4,2)=1,$CV$1,IF(WEEKDAY(BB4,2)=2,$CV$2,IF(WEEKDAY(BB4,2)=3,$CV$3,IF(WEEKDAY(BB4,2)=4,$CV$4,IF(WEEKDAY(BB4,2)=5,$CV$5,IF(WEEKDAY(BB4,2)=6,$CV$6,IF(WEEKDAY(BB4,2)=7,$CV$7,"ERRO"))))))) -> Sexta-Feira | BE5: =IF(WEEKDAY(BE4,2)=1,$CV$1,IF(WEEKDAY(BE4,2)=2,$CV$2,IF(WEEKDAY(BE4,2)=3,$CV$3,IF(WEEKDAY(BE4,2)=4,$CV$4,IF(WEEKDAY(BE4,2)=5,$CV$5,IF(WEEKDAY(BE4,2)=6,$CV$6,IF(WEEKDAY(BE4,2)=7,$CV$7,"ERRO"))))))) -> Sábado | BH5: =IF(WEEKDAY(BH4,2)=1,$CV$1,IF(WEEKDAY(BH4,2)=2,$CV$2,IF(WEEKDAY(BH4,2)=3,$CV$3,IF(WEEKDAY(BH4,2)=4,$CV$4,IF(WEEKDAY(BH4,2)=5,$CV$5,IF(WEEKDAY(BH4,2)=6,$CV$6,IF(WEEKDAY(BH4,2)=7,$CV$7,"ERRO"))))))) -> Domingo | BK5: =IF(WEEKDAY(BK4,2)=1,$CV$1,IF(WEEKDAY(BK4,2)=2,$CV$2,IF(WEEKDAY(BK4,2)=3,$CV$3,IF(WEEKDAY(BK4,2)=4,$CV$4,IF(WEEKDAY(BK4,2)=5,$CV$5,IF(WEEKDAY(BK4,2)=6,$CV$6,IF(WEEKDAY(BK4,2)=7,$CV$7,"ERRO"))))))) -> Segunda-Feira | BN5: =IF(WEEKDAY(BN4,2)=1,$CV$1,IF(WEEKDAY(BN4,2)=2,$CV$2,IF(WEEKDAY(BN4,2)=3,$CV$3,IF(WEEKDAY(BN4,2)=4,$CV$4,IF(WEEKDAY(BN4,2)=5,$CV$5,IF(WEEKDAY(BN4,2)=6,$CV$6,IF(WEEKDAY(BN4,2)=7,$CV$7,"ERRO"))))))) -> Terça-Feira | BQ5: =IF(WEEKDAY(BQ4,2)=1,$CV$1,IF(WEEKDAY(BQ4,2)=2,$CV$2,IF(WEEKDAY(BQ4,2)=3,$CV$3,IF(WEEKDAY(BQ4,2)=4,$CV$4,IF(WEEKDAY(BQ4,2)=5,$CV$5,IF(WEEKDAY(BQ4,2)=6,$CV$6,IF(WEEKDAY(BQ4,2)=7,$CV$7,"ERRO"))))))) -> Quarta-Feira | BT5: =IF(WEEKDAY(BT4,2)=1,$CV$1,IF(WEEKDAY(BT4,2)=2,$CV$2,IF(WEEKDAY(BT4,2)=3,$CV$3,IF(WEEKDAY(BT4,2)=4,$CV$4,IF(WEEKDAY(BT4,2)=5,$CV$5,IF(WEEKDAY(BT4,2)=6,$CV$6,IF(WEEKDAY(BT4,2)=7,$CV$7,"ERRO"))))))) -> Quinta-Feira | BW5: =IF(WEEKDAY(BW4,2)=1,$CV$1,IF(WEEKDAY(BW4,2)=2,$CV$2,IF(WEEKDAY(BW4,2)=3,$CV$3,IF(WEEKDAY(BW4,2)=4,$CV$4,IF(WEEKDAY(BW4,2)=5,$CV$5,IF(WEEKDAY(BW4,2)=6,$CV$6,IF(WEEKDAY(BW4,2)=7,$CV$7,"ERRO"))))))) -> Sexta-Feira | BZ5: =IF(WEEKDAY(BZ4,2)=1,$CV$1,IF(WEEKDAY(BZ4,2)=2,$CV$2,IF(WEEKDAY(BZ4,2)=3,$CV$3,IF(WEEKDAY(BZ4,2)=4,$CV$4,IF(WEEKDAY(BZ4,2)=5,$CV$5,IF(WEEKDAY(BZ4,2)=6,$CV$6,IF(WEEKDAY(BZ4,2)=7,$CV$7,"ERRO"))))))) -> Sábado | CC5: =IF(WEEKDAY(CC4,2)=1,$CV$1,IF(WEEKDAY(CC4,2)=2,$CV$2,IF(WEEKDAY(CC4,2)=3,$CV$3,IF(WEEKDAY(CC4,2)=4,$CV$4,IF(WEEKDAY(CC4,2)=5,$CV$5,IF(WEEKDAY(CC4,2)=6,$CV$6,IF(WEEKDAY(CC4,2)=7,$CV$7,"ERRO"))))))) -> Domingo | CF5: =IF(WEEKDAY(CF4,2)=1,$CV$1,IF(WEEKDAY(CF4,2)=2,$CV$2,IF(WEEKDAY(CF4,2)=3,$CV$3,IF(WEEKDAY(CF4,2)=4,$CV$4,IF(WEEKDAY(CF4,2)=5,$CV$5,IF(WEEKDAY(CF4,2)=6,$CV$6,IF(WEEKDAY(CF4,2)=7,$CV$7,"ERRO"))))))) -> Segunda-Feira | CI5: =IF(WEEKDAY(CI4,2)=1,$CV$1,IF(WEEKDAY(CI4,2)=2,$CV$2,IF(WEEKDAY(CI4,2)=3,$CV$3,IF(WEEKDAY(CI4,2)=4,$CV$4,IF(WEEKDAY(CI4,2)=5,$CV$5,IF(WEEKDAY(CI4,2)=6,$CV$6,IF(WEEKDAY(CI4,2)=7,$CV$7,"ERRO"))))))) -> Terça-Feira | CL5: =IF(WEEKDAY(CL4,2)=1,$CV$1,IF(WEEKDAY(CL4,2)=2,$CV$2,IF(WEEKDAY(CL4,2)=3,$CV$3,IF(WEEKDAY(CL4,2)=4,$CV$4,IF(WEEKDAY(CL4,2)=5,$CV$5,IF(WEEKDAY(CL4,2)=6,$CV$6,IF(WEEKDAY(CL4,2)=7,$CV$7,"ERRO"))))))) -> Quarta-Feira | CO5: =IF(WEEKDAY(CO4,2)=1,$CV$1,IF(WEEKDAY(CO4,2)=2,$CV$2,IF(WEEKDAY(CO4,2)=3,$CV$3,IF(WEEKDAY(CO4,2)=4,$CV$4,IF(WEEKDAY(CO4,2)=5,$CV$5,IF(WEEKDAY(CO4,2)=6,$CV$6,IF(WEEKDAY(CO4,2)=7,$CV$7,"ERRO"))))))) -> Quinta-Feira | CR5: =IF(WEEKDAY(CR4,2)=1,$CV$1,IF(WEEKDAY(CR4,2)=2,$CV$2,IF(WEEKDAY(CR4,2)=3,$CV$3,IF(WEEKDAY(CR4,2)=4,$CV$4,IF(WEEKDAY(CR4,2)=5,$CV$5,IF(WEEKDAY(CR4,2)=6,$CV$6,IF(WEEKDAY(CR4,2)=7,$CV$7,"ERRO"))))))) -> Sexta-Feira | CU5: 5 | CV5: Sexta-Feira | CW5: 5 | CX5: Maio
A6: TAG | B6: DETECTOR | C6: MODELO | D6: Bancada | E6: Posição | F6: Status | G6: Analista | H6: Projeto/Obs | I6: Status | J6: Analista | K6: Projeto/Obs | L6: Status | M6: Analista | N6: Projeto/Obs | O6: Status | P6: Analista | Q6: Projeto/Obs | R6: Status | S6: Analista | T6: Projeto/Obs | U6: Status | V6: Analista | W6: Projeto/Obs | X6: Status | Y6: Analista | Z6: Projeto/Obs | AA6: Status | AB6: Analista | AC6: Projeto/Obs | AD6: Status | AE6: Analista | AF6: Projeto/Obs | AG6: Status | AH6: Analista | AI6: Projeto/Obs | AJ6: Status | AK6: Analista | AL6: Projeto/Obs | AM6: Status | AN6: Analista | AO6: Projeto/Obs | AP6: Status | AQ6: Analista | AR6: Projeto/Obs | AS6: Status | AT6: Analista | AU6: Projeto/Obs | AV6: Status | AW6: Analista | AX6: Projeto/Obs | AY6: Status | AZ6: Analista | BA6: Projeto/Obs | BB6: Status | BC6: Analista | BD6: Projeto/Obs | BE6: Status | BF6: Analista | BG6: Projeto/Obs | BH6: Status | BI6: Analista | BJ6: Projeto/Obs | BK6: Status | BL6: Analista | BM6: Projeto/Obs | BN6: Status | BO6: Analista | BP6: Projeto/Obs | BQ6: Status | BR6: Analista | BS6: Projeto/Obs | BT6: Status | BU6: Analista | BV6: Projeto/Obs | BW6: Status | BX6: Analista | BY6: Projeto/Obs | BZ6: Status | CA6: Analista | CB6: Projeto/Obs | CC6: Status | CD6: Analista | CE6: Projeto/Obs | CF6: Status | CG6: Analista | CH6: Projeto/Obs | CI6: Status | CJ6: Analista | CK6: Projeto/Obs | CL6: Status | CM6: Analista | CN6: Projeto/Obs | CO6: Status | CP6: Analista | CQ6: Projeto/Obs | CR6: Status | CS6: Analista | CT6: Projeto/Obs | CU6: 6 | CV6: Sábado | CW6: 6 | CX6: Junho
A7: HPLC.0034 | B7: DAD-HS + FLD | C7: 1290 | D7: B4 | E7: P5 | U7: Livre | X7: Em uso (1º turno) | Y7: Beatriz | Z7: Betametasona | AA7: Em uso (1º turno) | AB7: Beatriz | AC7: Betametasona | AD7: Livre | AE7: Openlab fora de operação | AG7: Em uso (1º turno) | AH7: Beatriz | AI7: Betametasona | AP7: Em uso (2º turno) | AQ7: Anderson | AR7: Trimetoprima | AS7: Em uso (2º turno) | AT7: Anderson | AU7: Trimetoprima | AV7: Em uso (2º turno) | AW7: Anderson | AX7: Trimetoprima | AY7: Em uso (2º turno) | AZ7: Anderson | BA7: Trimetoprima | BB7: Em uso (2º turno) | BC7: Anderson | BD7: Trimetoprima | BK7: Em uso (2º turno) | BL7: Anderson | BM7: Trimetoprima | BN7: Em uso (2º turno) | BO7: Anderson | BP7: Trimetoprima | BQ7: Em uso (2º turno) | BR7: Anderson | BS7: Trimetoprima | BT7: Em uso (2º turno) | BU7: Anderson | BV7: Trimetoprima | BW7: Em uso (2º turno) | BX7: Anderson | BY7: Trimetoprima | CU7: 7 | CV7: Domingo | CW7: 7 | CX7: Julho
A8: HPLC.0035 | B8: (DAD WR) | C8: 1290 | D8: B4 | E8: P1 | U8: Livre | X8: Em uso (2º turno) | Y8: Marcus | AA8: Em uso (2º turno) | AB8: Marcus | AD8: Livre | AE8: Openlab fora de operação | AG8: Em uso (2º turno) | AH8: Marcus | AP8: Em uso (2º turno) | AQ8: Josiane | AR8: Formoterol | AS8: Em uso (2º turno) | AT8: Josiane | AU8: Formoterol | AV8: Em uso (1º turno) | AW8: Franco | AX8: Paracetamol | AY8: Em uso (1º turno) | AZ8: Franco | BA8: Paracetamol | BB8: Em uso (1º turno) | BC8: Giulia | BD8: Alprazolan | BK8: Em uso (1º turno) | BL8: Giulia | BM8: Alprazolam | BN8: Em uso (1º turno) | BO8: Beatriz | BP8: Betametasona | BQ8: Em uso (1º turno) | BR8: Beatriz | BS8: Betametasona | BT8: Em uso (1º turno) | BU8: Beatriz | BV8: Betametasona | BW8: Em uso (1º turno) | BX8: Beatriz | BY8: Betametasona | CW8: 8 | CX8: Agosto
A9: HPLC.0036 | B9: (DAD WR) | C9: 1260 | D9: B5 | E9: P2 | U9: Livre | X9: Livre | AA9: Em uso (2º turno) | AB9: Josiane | AD9: Livre | AE9: Openlab fora de operação | AG9: Em uso (2º turno) | AH9: Josiane | AI9: Formoterol | AP9: Em uso (1º turno) | AQ9: Beatriz | AR9: Betametazona | AS9: Em uso (1º turno) | AT9: Beatriz | AU9: Betametazona | AV9: Em uso (1º turno) | AW9: Beatriz | AX9: Betametazona | AY9: Em uso (1º turno) | AZ9: Beatriz | BA9: Betametazona | BB9: Em uso (1º turno) | BC9: Beatriz | BD9: Betametazona | BK9: Em uso (2º turno) | BL9: Josiane | BM9: Formoterol | BN9: Em uso (2º turno) | BO9: Josiane | BP9: Formoterol | BQ9: Em uso (2º turno) | BR9: Josiane | BS9: Formoterol | BT9: Em uso (2º turno) | BU9: Josiane | BV9: Formoterol | CW9: 9 | CX9: Setembro
A10: HPLC.0037 | B10: (VWD + ELSD) | C10: 1260 | D10: B3 | E10: P5 | U10: Empréstimo - PD | V10: Samuel | X10: Empréstimo - PD | Y10: Samuel | AA10: Empréstimo - PD | AB10: Samuel | AD10: Livre | AE10: Openlab fora de operação | AG10: Empréstimo - PD | AH10: Samuel | AP10: Em uso (1º turno) | AQ10: Maria Fernanda | AR10: Levetiracetam (Troca HPLC 0061) | AS10: Em uso (1º turno) | AT10: Maria Fernanda | AU10: Levetiracetam (Troca HPLC 0061) | AV10: Em uso (1º turno) | AW10: Maria Fernanda | AX10: Levetiracetam (Troca HPLC 0061) | AY10: Em uso (1º turno) | AZ10: Maria Fernanda | BA10: Levetiracetam (Troca HPLC 0061) | BB10: Em uso (1º turno) | BC10: Maria Fernanda | BD10: Levetiracetam (Troca HPLC 0061) | BK10: Em uso (1º turno) | BL10: Maria Fernanda | BM10: Levetiracetam (Troca HPLC 0061) | BN10: Em uso (1º turno) | BO10: Maria Fernanda | BP10: Levetiracetam (Troca HPLC 0061) | CW10: 10 | CX10: Outubro
A11: HPLC.0045 | B11: DAD-WR | C11: Acquity UPLC | D11: B5 | E11: P3 | U11: Livre | X11: Livre | AA11: Livre | AD11: Livre | AE11: Openlab fora de operação | AP11: Em uso (2º turno) | AQ11: Marcus | AR11: Tamarine | AS11: Em uso (2º turno) | AT11: Marcus | AU11: Tamarine | AV11: Em uso (2º turno) | AW11: Marcus | AX11: Tamarine | AY11: Em uso (2º turno) | AZ11: Marcus | BA11: Tamarine | BB11: Em uso (2º turno) | BC11: Marcus | BD11: Trimetazidina | BK11: Em uso (2º turno) | BL11: Marcus | BM11: Trimetazidina | BN11: Em uso (2º turno) | BO11: Marcus | BP11: Trimetazidina | BQ11: Em uso (2º turno) | BR11: Marcus | BS11: Trimetazidina | BT11: Em uso (2º turno) | BU11: Marcus | BV11: Trimetazidina | BW11: Em uso (2º turno) | BX11: Marcus | BY11: Tamarine | CW11: 11 | CX11: Novembro
A12: HPLC.0050 | B12: UV Dual λ | C12: Alliance 2489 | D12: B5 | E12: P4 | U12: Livre | X12: Livre | AA12: Livre | AD12: Livre | AE12: Openlab fora de operação | AP12: Livre | AS12: Livre | AV12: Livre | AY12: Livre | BB12: Livre | BK12: Livre | CW12: 12 | CX12: Dezembro
A14: =A7 -> HPLC.0034 | B14: Manhã | C14: =HLOOKUP(TODAY(),$F$4:$CT$12,4,FALSE) -> Em uso (2º turno) | P14: STATUS INDIVIDUAL MENSAL DOS EQUIPAMENTOS - DIAS ÚTEIS | AR14: STATUS MENSAL DOS EQUIPAMENTOS POR GRUPO DE MODELOS/DETECTORES
B15: Tarde | C15: =HLOOKUP(TODAY(),$F$4:$CT$12,5,FALSE) -> Em uso (1º turno)
A16: =A8 -> HPLC.0035 | B16: Manhã | C16: =HLOOKUP(TODAY(),$F$4:$CT$12,6,FALSE) -> Em uso (2º turno)
B17: Tarde | C17: =HLOOKUP(TODAY(),$F$4:$CT$12,7,FALSE) -> Em uso (1º turno)
A18: =A9 -> HPLC.0036 | B18: Manhã | C18: =HLOOKUP(TODAY(),$F$4:$CT$12,8,FALSE) -> Em uso (2º turno)
B19: Tarde | C19: =HLOOKUP(TODAY(),$F$4:$CT$12,9,FALSE) -> 0
A20: =A10 -> HPLC.0037 | B20: Manhã | C20: =HLOOKUP(TODAY(),$F$4:$CT$12,10,FALSE) -> #REF!
B21: Tarde | C21: =HLOOKUP(TODAY(),$F$4:$CT$12,11,FALSE) -> #REF!
A22: =A11 -> HPLC.0045 | B22: Manhã | C22: =HLOOKUP(TODAY(),$F$4:$CT$12,12,FALSE) -> #REF!
B23: Tarde | C23: =HLOOKUP(TODAY(),$F$4:$CT$12,13,FALSE) -> #REF!
A24: =A12 -> HPLC.0050 | B24: Manhã | C24: =HLOOKUP(TODAY(),$F$4:$CT$12,14,FALSE) -> #REF!
B25: Tarde | C25: =HLOOKUP(TODAY(),$F$4:$CT$12,15,FALSE) -> #REF!
G34: Estatística do mês
H35: HPLC.0034 | I35: HPLC.0035 | J35: HPLC.0036 | K35: HPLC.0037 | L35: HPLC.0045 | M35: HPLC.0050
G36: Em uso (1º turno) | H36: =COUNTIF($F$7:$CT$7,$G36) -> 3 | I36: =COUNTIF($F$8:$CT$8,$G36) -> 8 | J36: =COUNTIF($F$9:$CT$9,$G36) -> 5 | K36: =COUNTIF($F$10:$CT$10,$G36) -> 7 | L36: =COUNTIF($F$11:$CT$11,$G36) -> 0 | M36: =COUNTIF($F$12:$CT$12,$G36) -> 0
G37: Em uso (2º turno) | H37: =COUNTIF($F$7:$CT$7,$G37) -> 10 | I37: =COUNTIF($F$8:$CT$8,$G37) -> 5 | J37: =COUNTIF($F$9:$CT$9,$G37) -> 6 | K37: =COUNTIF($F$10:$CT$10,$G37) -> 0 | L37: =COUNTIF($F$11:$CT$11,$G37) -> 10 | M37: =COUNTIF($F$12:$CT$12,$G37) -> 0
G38: Qualificação | H38: =COUNTIF($F$7:$CT$7,$G38) -> 0 | I38: =COUNTIF($F$8:$CT$8,$G38) -> 0 | J38: =COUNTIF($F$9:$CT$9,$G38) -> 0 | K38: =COUNTIF($F$10:$CT$10,$G38) -> 0 | L38: =COUNTIF($F$11:$CT$11,$G38) -> 0 | M38: =COUNTIF($F$12:$CT$12,$G38) -> 0
G39: Empréstimo - Desenho analítico / IVIV | H39: =COUNTIF($F$7:$CT$7,$G39) -> 0 | I39: =COUNTIF($F$8:$CT$8,$G39) -> 0 | J39: =COUNTIF($F$9:$CT$9,$G39) -> 0 | K39: =COUNTIF($F$10:$CT$10,$G39) -> 0 | L39: =COUNTIF($F$11:$CT$11,$G39) -> 0 | M39: =COUNTIF($F$12:$CT$12,$G39) -> 0
G40: Empréstimo - Diss | H40: =COUNTIF($F$7:$CT$7,$G40) -> 0 | I40: =COUNTIF($F$8:$CT$8,$G40) -> 0 | J40: =COUNTIF($F$9:$CT$9,$G40) -> 0 | K40: =COUNTIF($F$10:$CT$10,$G40) -> 0 | L40: =COUNTIF($F$11:$CT$11,$G40) -> 0 | M40: =COUNTIF($F$12:$CT$12,$G40) -> 0
G41: Empréstimo - PD | H41: =COUNTIF($F$7:$CT$7,$G41) -> 0 | I41: =COUNTIF($F$8:$CT$8,$G41) -> 0 | J41: =COUNTIF($F$9:$CT$9,$G41) -> 0 | K41: =COUNTIF($F$10:$CT$10,$G41) -> 4 | L41: =COUNTIF($F$11:$CT$11,$G41) -> 0 | M41: =COUNTIF($F$12:$CT$12,$G41) -> 0
G42: Empréstimo - Não medicamento | H42: =COUNTIF($F$7:$CT$7,$G42) -> 0 | I42: =COUNTIF($F$8:$CT$8,$G42) -> 0 | J42: =COUNTIF($F$9:$CT$9,$G42) -> 0 | K42: =COUNTIF($F$10:$CT$10,$G42) -> 0 | L42: =COUNTIF($F$11:$CT$11,$G42) -> 0 | M42: =COUNTIF($F$12:$CT$12,$G42) -> 0
G43: Empréstimo - Suporte analítico | H43: =COUNTIF($F$7:$CT$7,$G43) -> 0 | I43: =COUNTIF($F$8:$CT$8,$G43) -> 0 | J43: =COUNTIF($F$9:$CT$9,$G43) -> 0 | K43: =COUNTIF($F$10:$CT$10,$G43) -> 0 | L43: =COUNTIF($F$11:$CT$11,$G43) -> 0 | M43: =COUNTIF($F$12:$CT$12,$G43) -> 0
G44: Empréstimo - Troubleshooting | H44: =COUNTIF($F$7:$CT$7,$G44) -> 0 | I44: =COUNTIF($F$8:$CT$8,$G44) -> 0 | J44: =COUNTIF($F$9:$CT$9,$G44) -> 0 | K44: =COUNTIF($F$10:$CT$10,$G44) -> 0 | L44: =COUNTIF($F$11:$CT$11,$G44) -> 0 | M44: =COUNTIF($F$12:$CT$12,$G44) -> 0
G45: Manutenção | H45: =COUNTIF($F$7:$CT$7,$G45) -> 0 | I45: =COUNTIF($F$8:$CT$8,$G45) -> 0 | J45: =COUNTIF($F$9:$CT$9,$G45) -> 0 | K45: =COUNTIF($F$10:$CT$10,$G45) -> 0 | L45: =COUNTIF($F$11:$CT$11,$G45) -> 0 | M45: =COUNTIF($F$12:$CT$12,$G45) -> 0
G46: Livre | H46: =COUNTIF($F$7:$CT$7,$G46) -> 2 | I46: =COUNTIF($F$8:$CT$8,$G46) -> 2 | J46: =COUNTIF($F$9:$CT$9,$G46) -> 3 | K46: =COUNTIF($F$10:$CT$10,$G46) -> 1 | L46: =COUNTIF($F$11:$CT$11,$G46) -> 4 | M46: =COUNTIF($F$12:$CT$12,$G46) -> 10
H47: =H35 -> HPLC.0034 | I47: =I35 -> HPLC.0035 | J47: =J35 -> HPLC.0036 | K47: =K35 -> HPLC.0037 | L47: =L35 -> HPLC.0045 | M47: =M35 -> HPLC.0050
G48: Dias em uso | H48: =SUM(H36:H37,H39:H44) -> 13 | I48: =SUM(I36:I37,I39:I44) -> 13 | J48: =SUM(J36:J37,J39:J44) -> 11 | K48: =SUM(K36:K37,K39:K44) -> 11 | L48: =SUM(L36:L37,L39:L44) -> 10 | M48: =SUM(M36:M37,M39:M44) -> 0
G49: Dias livre | H49: =SUM(H38,H45:H46) -> 2 | I49: =SUM(I38,I45:I46) -> 2 | J49: =SUM(J38,J45:J46) -> 3 | K49: =SUM(K38,K45:K46) -> 1 | L49: =SUM(L38,L45:L46) -> 4 | M49: =SUM(M38,M45:M46) -> 10
A57: Estatística do dia
A58: Em uso (1º turno) | B58: =COUNTIF($C$14:$C$25,A58) -> 2 | C58: Total equip. | D58: =COUNTA(A7:A12) -> 6
A59: Em uso (2º turno) | B59: =COUNTIF($C$14:$C$25,A59) -> 3
A60: Qualificação | B60: =COUNTIF($C$14:$C$25,A60) -> 0
A61: Empréstimo - Desenho analítico / IVIV | B61: =COUNTIF($C$14:$C$25,A61) -> 0
A62: Empréstimo - Diss | B62: =COUNTIF($C$14:$C$25,A62) -> 0
A63: Empréstimo - PD | B63: =COUNTIF($C$14:$C$25,A63) -> 0
A64: Empréstimo - Não medicamento | B64: =COUNTIF($C$14:$C$25,A64) -> 0
A65: Empréstimo - Suporte analítico | B65: =COUNTIF($C$14:$C$25,A65) -> 0
A66: Empréstimo - Troubleshooting | B66: =COUNTIF($C$14:$C$25,A66) -> 0
A67: Manutenção | B67: =COUNTIF($C$14:$C$25,A67) -> 0
A68: Livre | B68: =COUNTIF($C$14:$C$25,A68) -> 0
A70: Detectores: | B70: DAD + MS
B71: DAD-HS
B72: DAD-HS + FLD
B73: DAD-WR
B74: DAD-WR + FC-AS
B75: PDA
B76: PDA + FLR
B77: UV Dual λ
B78: VWD + ELSD
B79: VWD + RID

Sheet MP_Fev.20
A1: ="Calendário de uso HPLC - "&IF(MONTH(F4)=1,CR1,IF(MONTH(F4)=2,CR2,IF(MONTH(F4)=3,CR3,IF(MONTH(F4)=4,CR4,IF(MONTH(F4)=5,CR5,IF(MONTH(F4)=6,CR6,IF(MONTH(F4)=7,CR7,IF(MONTH(F4)=8,CR8,IF(MONTH(F4)=9,CR9,IF(MONTH(F4)=10,CR10,IF(MONTH(F4)=11,CR11,IF(MONTH(F4)=12,CR12,"NA")))))))))))) & "/" & YEAR(F4) & " - Equipe MP" -> Calendário de uso HPLC - Fevereiro/2020 - Equipe MP | CO1: 1 | CP1: Segunda-Feira | CQ1: 1 | CR1: Janeiro
CO2: 2 | CP2: Terça-Feira | CQ2: 2 | CR2: Fevereiro
F3: =F5 -> Sábado | G3: =F5 -> Sábado | H3: =F5 -> Sábado | I3: =I5 -> Domingo | J3: =I5 -> Domingo | K3: =I5 -> Domingo | L3: =L5 -> Segunda-Feira | M3: =L5 -> Segunda-Feira | N3: =L5 -> Segunda-Feira | O3: =O5 -> Terça-Feira | P3: =O5 -> Terça-Feira | Q3: =O5 -> Terça-Feira | R3: =R5 -> Quarta-Feira | S3: =R5 -> Quarta-Feira | T3: =R5 -> Quarta-Feira | U3: =U5 -> Quinta-Feira | V3: =U5 -> Quinta-Feira | W3: =U5 -> Quinta-Feira | X3: =X5 -> Sexta-Feira | Y3: =X5 -> Sexta-Feira | Z3: =X5 -> Sexta-Feira | AA3: =AA5 -> Sábado | AB3: =AA5 -> Sábado | AC3: =AA5 -> Sábado | AD3: =AD5 -> Domingo | AE3: =AD5 -> Domingo | AF3: =AD5 -> Domingo | AG3: =AG5 -> Segunda-Feira | AH3: =AG5 -> Segunda-Feira | AI3: =AG5 -> Segunda-Feira | AJ3: =AJ5 -> Terça-Feira | AK3: =AJ5 -> Terça-Feira | AL3: =AJ5 -> Terça-Feira | AM3: =AM5 -> Quarta-Feira | AN3: =AM5 -> Quarta-Feira | AO3: =AM5 -> Quarta-Feira | AP3: =AP5 -> Quinta-Feira | AQ3: =AP5 -> Quinta-Feira | AR3: =AP5 -> Quinta-Feira | AS3: =AS5 -> Sexta-Feira | AT3: =AS5 -> Sexta-Feira | AU3: =AS5 -> Sexta-Feira | AV3: =AV5 -> Sábado | AW3: =AV5 -> Sábado | AX3: =AV5 -> Sábado | AY3: =AY5 -> Domingo | AZ3: =AY5 -> Domingo | BA3: =AY5 -> Domingo | BB3: =BB5 -> Segunda-Feira | BC3: =BB5 -> Segunda-Feira | BD3: =BB5 -> Segunda-Feira | BE3: =BE5 -> Terça-Feira | BF3: =BE5 -> Terça-Feira | BG3: =BE5 -> Terça-Feira | BH3: =BH5 -> Quarta-Feira | BI3: =BH5 -> Quarta-Feira | BJ3: =BH5 -> Quarta-Feira | BK3: =BK5 -> Quinta-Feira | BL3: =BK5 -> Quinta-Feira | BM3: =BK5 -> Quinta-Feira | BN3: =BN5 -> Sexta-Feira | BO3: =BN5 -> Sexta-Feira | BP3: =BN5 -> Sexta-Feira | BQ3: =BQ5 -> Sábado | BR3: =BQ5 -> Sábado | BS3: =BQ5 -> Sábado | BT3: =BT5 -> Domingo | BU3: =BT5 -> Domingo | BV3: =BT5 -> Domingo | BW3: =BW5 -> Segunda-Feira | BX3: =BW5 -> Segunda-Feira | BY3: =BW5 -> Segunda-Feira | BZ3: =BZ5 -> Terça-Feira | CA3: =BZ5 -> Terça-Feira | CB3: =BZ5 -> Terça-Feira | CC3: =CC5 -> Quarta-Feira | CD3: =CC5 -> Quarta-Feira | CE3: =CC5 -> Quarta-Feira | CF3: =CF5 -> Quinta-Feira | CG3: =CF5 -> Quinta-Feira | CH3: =CF5 -> Quinta-Feira | CI3: =CI5 -> Sexta-Feira | CJ3: =CI5 -> Sexta-Feira | CK3: =CI5 -> Sexta-Feira | CL3: =CL5 -> Sábado | CM3: =CL5 -> Sábado | CN3: =CL5 -> Sábado | CO3: 3 | CP3: Quarta-Feira | CQ3: 3 | CR3: Março
F4: 43862 | I4: =F4+1 -> 43863 | L4: =I4+1 -> 43864 | O4: =L4+1 -> 43865 | R4: =O4+1 -> 43866 | U4: =R4+1 -> 43867 | X4: =U4+1 -> 43868 | AA4: =X4+1 -> 43869 | AD4: =AA4+1 -> 43870 | AG4: =AD4+1 -> 43871 | AJ4: =AG4+1 -> 43872 | AM4: =AJ4+1 -> 43873 | AP4: =AM4+1 -> 43874 | AS4: =AP4+1 -> 43875 | AV4: =AS4+1 -> 43876 | AY4: =AV4+1 -> 43877 | BB4: =AY4+1 -> 43878 | BE4: =BB4+1 -> 43879 | BH4: =BE4+1 -> 43880 | BK4: =BH4+1 -> 43881 | BN4: =BK4+1 -> 43882 | BQ4: =BN4+1 -> 43883 | BT4: =BQ4+1 -> 43884 | BW4: =BT4+1 -> 43885 | BZ4: =BW4+1 -> 43886 | CC4: =BZ4+1 -> 43887 | CF4: =CC4+1 -> 43888 | CI4: =CF4+1 -> 43889 | CL4: =CI4+1 -> 43890 | CO4: 4 | CP4: Quinta-Feira | CQ4: 4 | CR4: Abril
F5: =IF(WEEKDAY(F4,2)=1,$CP$1,IF(WEEKDAY(F4,2)=2,$CP$2,IF(WEEKDAY(F4,2)=3,$CP$3,IF(WEEKDAY(F4,2)=4,$CP$4,IF(WEEKDAY(F4,2)=5,$CP$5,IF(WEEKDAY(F4,2)=6,$CP$6,IF(WEEKDAY(F4,2)=7,$CP$7,"ERRO"))))))) -> Sábado | I5: =IF(WEEKDAY(I4,2)=1,$CP$1,IF(WEEKDAY(I4,2)=2,$CP$2,IF(WEEKDAY(I4,2)=3,$CP$3,IF(WEEKDAY(I4,2)=4,$CP$4,IF(WEEKDAY(I4,2)=5,$CP$5,IF(WEEKDAY(I4,2)=6,$CP$6,IF(WEEKDAY(I4,2)=7,$CP$7,"ERRO"))))))) -> Domingo | L5: =IF(WEEKDAY(L4,2)=1,$CP$1,IF(WEEKDAY(L4,2)=2,$CP$2,IF(WEEKDAY(L4,2)=3,$CP$3,IF(WEEKDAY(L4,2)=4,$CP$4,IF(WEEKDAY(L4,2)=5,$CP$5,IF(WEEKDAY(L4,2)=6,$CP$6,IF(WEEKDAY(L4,2)=7,$CP$7,"ERRO"))))))) -> Segunda-Feira | O5: =IF(WEEKDAY(O4,2)=1,$CP$1,IF(WEEKDAY(O4,2)=2,$CP$2,IF(WEEKDAY(O4,2)=3,$CP$3,IF(WEEKDAY(O4,2)=4,$CP$4,IF(WEEKDAY(O4,2)=5,$CP$5,IF(WEEKDAY(O4,2)=6,$CP$6,IF(WEEKDAY(O4,2)=7,$CP$7,"ERRO"))))))) -> Terça-Feira | R5: =IF(WEEKDAY(R4,2)=1,$CP$1,IF(WEEKDAY(R4,2)=2,$CP$2,IF(WEEKDAY(R4,2)=3,$CP$3,IF(WEEKDAY(R4,2)=4,$CP$4,IF(WEEKDAY(R4,2)=5,$CP$5,IF(WEEKDAY(R4,2)=6,$CP$6,IF(WEEKDAY(R4,2)=7,$CP$7,"ERRO"))))))) -> Quarta-Feira | U5: =IF(WEEKDAY(U4,2)=1,$CP$1,IF(WEEKDAY(U4,2)=2,$CP$2,IF(WEEKDAY(U4,2)=3,$CP$3,IF(WEEKDAY(U4,2)=4,$CP$4,IF(WEEKDAY(U4,2)=5,$CP$5,IF(WEEKDAY(U4,2)=6,$CP$6,IF(WEEKDAY(U4,2)=7,$CP$7,"ERRO"))))))) -> Quinta-Feira | X5: =IF(WEEKDAY(X4,2)=1,$CP$1,IF(WEEKDAY(X4,2)=2,$CP$2,IF(WEEKDAY(X4,2)=3,$CP$3,IF(WEEKDAY(X4,2)=4,$CP$4,IF(WEEKDAY(X4,2)=5,$CP$5,IF(WEEKDAY(X4,2)=6,$CP$6,IF(WEEKDAY(X4,2)=7,$CP$7,"ERRO"))))))) -> Sexta-Feira | AA5: =IF(WEEKDAY(AA4,2)=1,$CP$1,IF(WEEKDAY(AA4,2)=2,$CP$2,IF(WEEKDAY(AA4,2)=3,$CP$3,IF(WEEKDAY(AA4,2)=4,$CP$4,IF(WEEKDAY(AA4,2)=5,$CP$5,IF(WEEKDAY(AA4,2)=6,$CP$6,IF(WEEKDAY(AA4,2)=7,$CP$7,"ERRO"))))))) -> Sábado | AD5: =IF(WEEKDAY(AD4,2)=1,$CP$1,IF(WEEKDAY(AD4,2)=2,$CP$2,IF(WEEKDAY(AD4,2)=3,$CP$3,IF(WEEKDAY(AD4,2)=4,$CP$4,IF(WEEKDAY(AD4,2)=5,$CP$5,IF(WEEKDAY(AD4,2)=6,$CP$6,IF(WEEKDAY(AD4,2)=7,$CP$7,"ERRO"))))))) -> Domingo | AG5: =IF(WEEKDAY(AG4,2)=1,$CP$1,IF(WEEKDAY(AG4,2)=2,$CP$2,IF(WEEKDAY(AG4,2)=3,$CP$3,IF(WEEKDAY(AG4,2)=4,$CP$4,IF(WEEKDAY(AG4,2)=5,$CP$5,IF(WEEKDAY(AG4,2)=6,$CP$6,IF(WEEKDAY(AG4,2)=7,$CP$7,"ERRO"))))))) -> Segunda-Feira | AJ5: =IF(WEEKDAY(AJ4,2)=1,$CP$1,IF(WEEKDAY(AJ4,2)=2,$CP$2,IF(WEEKDAY(AJ4,2)=3,$CP$3,IF(WEEKDAY(AJ4,2)=4,$CP$4,IF(WEEKDAY(AJ4,2)=5,$CP$5,IF(WEEKDAY(AJ4,2)=6,$CP$6,IF(WEEKDAY(AJ4,2)=7,$CP$7,"ERRO"))))))) -> Terça-Feira | AM5: =IF(WEEKDAY(AM4,2)=1,$CP$1,IF(WEEKDAY(AM4,2)=2,$CP$2,IF(WEEKDAY(AM4,2)=3,$CP$3,IF(WEEKDAY(AM4,2)=4,$CP$4,IF(WEEKDAY(AM4,2)=5,$CP$5,IF(WEEKDAY(AM4,2)=6,$CP$6,IF(WEEKDAY(AM4,2)=7,$CP$7,"ERRO"))))))) -> Quarta-Feira | AP5: =IF(WEEKDAY(AP4,2)=1,$CP$1,IF(WEEKDAY(AP4,2)=2,$CP$2,IF(WEEKDAY(AP4,2)=3,$CP$3,IF(WEEKDAY(AP4,2)=4,$CP$4,IF(WEEKDAY(AP4,2)=5,$CP$5,IF(WEEKDAY(AP4,2)=6,$CP$6,IF(WEEKDAY(AP4,2)=7,$CP$7,"ERRO"))))))) -> Quinta-Feira | AS5: =IF(WEEKDAY(AS4,2)=1,$CP$1,IF(WEEKDAY(AS4,2)=2,$CP$2,IF(WEEKDAY(AS4,2)=3,$CP$3,IF(WEEKDAY(AS4,2)=4,$CP$4,IF(WEEKDAY(AS4,2)=5,$CP$5,IF(WEEKDAY(AS4,2)=6,$CP$6,IF(WEEKDAY(AS4,2)=7,$CP$7,"ERRO"))))))) -> Sexta-Feira | AV5: =IF(WEEKDAY(AV4,2)=1,$CP$1,IF(WEEKDAY(AV4,2)=2,$CP$2,IF(WEEKDAY(AV4,2)=3,$CP$3,IF(WEEKDAY(AV4,2)=4,$CP$4,IF(WEEKDAY(AV4,2)=5,$CP$5,IF(WEEKDAY(AV4,2)=6,$CP$6,IF(WEEKDAY(AV4,2)=7,$CP$7,"ERRO"))))))) -> Sábado | AY5: =IF(WEEKDAY(AY4,2)=1,$CP$1,IF(WEEKDAY(AY4,2)=2,$CP$2,IF(WEEKDAY(AY4,2)=3,$CP$3,IF(WEEKDAY(AY4,2)=4,$CP$4,IF(WEEKDAY(AY4,2)=5,$CP$5,IF(WEEKDAY(AY4,2)=6,$CP$6,IF(WEEKDAY(AY4,2)=7,$CP$7,"ERRO"))))))) -> Domingo | BB5: =IF(WEEKDAY(BB4,2)=1,$CP$1,IF(WEEKDAY(BB4,2)=2,$CP$2,IF(WEEKDAY(BB4,2)=3,$CP$3,IF(WEEKDAY(BB4,2)=4,$CP$4,IF(WEEKDAY(BB4,2)=5,$CP$5,IF(WEEKDAY(BB4,2)=6,$CP$6,IF(WEEKDAY(BB4,2)=7,$CP$7,"ERRO"))))))) -> Segunda-Feira | BE5: =IF(WEEKDAY(BE4,2)=1,$CP$1,IF(WEEKDAY(BE4,2)=2,$CP$2,IF(WEEKDAY(BE4,2)=3,$CP$3,IF(WEEKDAY(BE4,2)=4,$CP$4,IF(WEEKDAY(BE4,2)=5,$CP$5,IF(WEEKDAY(BE4,2)=6,$CP$6,IF(WEEKDAY(BE4,2)=7,$CP$7,"ERRO"))))))) -> Terça-Feira | BH5: =IF(WEEKDAY(BH4,2)=1,$CP$1,IF(WEEKDAY(BH4,2)=2,$CP$2,IF(WEEKDAY(BH4,2)=3,$CP$3,IF(WEEKDAY(BH4,2)=4,$CP$4,IF(WEEKDAY(BH4,2)=5,$CP$5,IF(WEEKDAY(BH4,2)=6,$CP$6,IF(WEEKDAY(BH4,2)=7,$CP$7,"ERRO"))))))) -> Quarta-Feira | BK5: =IF(WEEKDAY(BK4,2)=1,$CP$1,IF(WEEKDAY(BK4,2)=2,$CP$2,IF(WEEKDAY(BK4,2)=3,$CP$3,IF(WEEKDAY(BK4,2)=4,$CP$4,IF(WEEKDAY(BK4,2)=5,$CP$5,IF(WEEKDAY(BK4,2)=6,$CP$6,IF(WEEKDAY(BK4,2)=7,$CP$7,"ERRO"))))))) -> Quinta-Feira | BN5: =IF(WEEKDAY(BN4,2)=1,$CP$1,IF(WEEKDAY(BN4,2)=2,$CP$2,IF(WEEKDAY(BN4,2)=3,$CP$3,IF(WEEKDAY(BN4,2)=4,$CP$4,IF(WEEKDAY(BN4,2)=5,$CP$5,IF(WEEKDAY(BN4,2)=6,$CP$6,IF(WEEKDAY(BN4,2)=7,$CP$7,"ERRO"))))))) -> Sexta-Feira | BQ5: =IF(WEEKDAY(BQ4,2)=1,$CP$1,IF(WEEKDAY(BQ4,2)=2,$CP$2,IF(WEEKDAY(BQ4,2)=3,$CP$3,IF(WEEKDAY(BQ4,2)=4,$CP$4,IF(WEEKDAY(BQ4,2)=5,$CP$5,IF(WEEKDAY(BQ4,2)=6,$CP$6,IF(WEEKDAY(BQ4,2)=7,$CP$7,"ERRO"))))))) -> Sábado | BT5: =IF(WEEKDAY(BT4,2)=1,$CP$1,IF(WEEKDAY(BT4,2)=2,$CP$2,IF(WEEKDAY(BT4,2)=3,$CP$3,IF(WEEKDAY(BT4,2)=4,$CP$4,IF(WEEKDAY(BT4,2)=5,$CP$5,IF(WEEKDAY(BT4,2)=6,$CP$6,IF(WEEKDAY(BT4,2)=7,$CP$7,"ERRO"))))))) -> Domingo | BW5: =IF(WEEKDAY(BW4,2)=1,$CP$1,IF(WEEKDAY(BW4,2)=2,$CP$2,IF(WEEKDAY(BW4,2)=3,$CP$3,IF(WEEKDAY(BW4,2)=4,$CP$4,IF(WEEKDAY(BW4,2)=5,$CP$5,IF(WEEKDAY(BW4,2)=6,$CP$6,IF(WEEKDAY(BW4,2)=7,$CP$7,"ERRO"))))))) -> Segunda-Feira | BZ5: =IF(WEEKDAY(BZ4,2)=1,$CP$1,IF(WEEKDAY(BZ4,2)=2,$CP$2,IF(WEEKDAY(BZ4,2)=3,$CP$3,IF(WEEKDAY(BZ4,2)=4,$CP$4,IF(WEEKDAY(BZ4,2)=5,$CP$5,IF(WEEKDAY(BZ4,2)=6,$CP$6,IF(WEEKDAY(BZ4,2)=7,$CP$7,"ERRO"))))))) -> Terça-Feira | CC5: =IF(WEEKDAY(CC4,2)=1,$CP$1,IF(WEEKDAY(CC4,2)=2,$CP$2,IF(WEEKDAY(CC4,2)=3,$CP$3,IF(WEEKDAY(CC4,2)=4,$CP$4,IF(WEEKDAY(CC4,2)=5,$CP$5,IF(WEEKDAY(CC4,2)=6,$CP$6,IF(WEEKDAY(CC4,2)=7,$CP$7,"ERRO"))))))) -> Quarta-Feira | CF5: =IF(WEEKDAY(CF4,2)=1,$CP$1,IF(WEEKDAY(CF4,2)=2,$CP$2,IF(WEEKDAY(CF4,2)=3,$CP$3,IF(WEEKDAY(CF4,2)=4,$CP$4,IF(WEEKDAY(CF4,2)=5,$CP$5,IF(WEEKDAY(CF4,2)=6,$CP$6,IF(WEEKDAY(CF4,2)=7,$CP$7,"ERRO"))))))) -> Quinta-Feira | CI5: =IF(WEEKDAY(CI4,2)=1,$CP$1,IF(WEEKDAY(CI4,2)=2,$CP$2,IF(WEEKDAY(CI4,2)=3,$CP$3,IF(WEEKDAY(CI4,2)=4,$CP$4,IF(WEEKDAY(CI4,2)=5,$CP$5,IF(WEEKDAY(CI4,2)=6,$CP$6,IF(WEEKDAY(CI4,2)=7,$CP$7,"ERRO"))))))) -> Sexta-Feira | CL5: =IF(WEEKDAY(CL4,2)=1,$CP$1,IF(WEEKDAY(CL4,2)=2,$CP$2,IF(WEEKDAY(CL4,2)=3,$CP$3,IF(WEEKDAY(CL4,2)=4,$CP$4,IF(WEEKDAY(CL4,2)=5,$CP$5,IF(WEEKDAY(CL4,2)=6,$CP$6,IF(WEEKDAY(CL4,2)=7,$CP$7,"ERRO"))))))) -> Sábado | CO5: 5 | CP5: Sexta-Feira | CQ5: 5 | CR5: Maio
A6: TAG | B6: DETECTOR | C6: MODELO | D6: Bancada | E6: Posição | F6: Status | G6: Analista | H6: Projeto/Obs | I6: Status | J6: Analista | K6: Projeto/Obs | L6: Status | M6: Analista | N6: Projeto/Obs | O6: Status | P6: Analista | Q6: Projeto/Obs | R6: Status | S6: Analista | T6: Projeto/Obs | U6: Status | V6: Analista | W6: Projeto/Obs | X6: Status | Y6: Analista | Z6: Projeto/Obs | AA6: Status | AB6: Analista | AC6: Projeto/Obs | AD6: Status | AE6: Analista | AF6: Projeto/Obs | AG6: Status | AH6: Analista | AI6: Projeto/Obs | AJ6: Status | AK6: Analista | AL6: Projeto/Obs | AM6: Status | AN6: Analista | AO6: Projeto/Obs | AP6: Status | AQ6: Analista | AR6: Projeto/Obs | AS6: Status | AT6: Analista | AU6: Projeto/Obs | AV6: Status | AW6: Analista | AX6: Projeto/Obs | AY6: Status | AZ6: Analista | BA6: Projeto/Obs | BB6: Status | BC6: Analista | BD6: Projeto/Obs | BE6: Status | BF6: Analista | BG6: Projeto/Obs | BH6: Status | BI6: Analista | BJ6: Projeto/Obs | BK6: Status | BL6: Analista | BM6: Projeto/Obs | BN6: Status | BO6: Analista | BP6: Projeto/Obs | BQ6: Status | BR6: Analista | BS6: Projeto/Obs | BT6: Status | BU6: Analista | BV6: Projeto/Obs | BW6: Status | BX6: Analista | BY6: Projeto/Obs | BZ6: Status | CA6: Analista | CB6: Projeto/Obs | CC6: Status | CD6: Analista | CE6: Projeto/Obs | CF6: Status | CG6: Analista | CH6: Projeto/Obs | CI6: Status | CJ6: Analista | CK6: Projeto/Obs | CL6: Status | CM6: Analista | CN6: Projeto/Obs | CO6: 6 | CP6: Sábado | CQ6: 6 | CR6: Junho
A7: HPLC.0034 | B7: DAD-HS + FLD | C7: 1290 | D7: B4 | E7: P5 | CO7: 7 | CP7: Domingo | CQ7: 7 | CR7: Julho
A8: HPLC.0035 | B8: (DAD WR) | C8: 1290 | D8: B4 | E8: P1 | CQ8: 8 | CR8: Agosto
A9: HPLC.0036 | B9: (DAD WR) | C9: 1260 | D9: B5 | E9: P2 | CQ9: 9 | CR9: Setembro
A10: HPLC.0037 | B10: (VWD + ELSD) | C10: 1260 | D10: B3 | E10: P5 | CQ10: 10 | CR10: Outubro
A11: HPLC.0045 | B11: DAD-WR | C11: Acquity UPLC | D11: B5 | E11: P3 | CQ11: 11 | CR11: Novembro
A12: HPLC.0050 | B12: UV Dual λ | C12: Alliance 2489 | D12: B5 | E12: P4 | CQ12: 12 | CR12: Dezembro
A14: =A7 -> HPLC.0034 | B14: Manhã | C14: =HLOOKUP(TODAY(),$F$4:$CN$12,4,FALSE) -> #N/A | P14: STATUS INDIVIDUAL MENSAL DOS EQUIPAMENTOS - DIAS ÚTEIS | AR14: STATUS MENSAL DOS EQUIPAMENTOS POR GRUPO DE MODELOS/DETECTORES
B15: Tarde | C15: =HLOOKUP(TODAY(),$F$4:$CN$12,5,FALSE) -> #N/A
A16: =A8 -> HPLC.0035 | B16: Manhã | C16: =HLOOKUP(TODAY(),$F$4:$CN$12,6,FALSE) -> #N/A
B17: Tarde | C17: =HLOOKUP(TODAY(),$F$4:$CN$12,7,FALSE) -> #N/A
A18: =A9 -> HPLC.0036 | B18: Manhã | C18: =HLOOKUP(TODAY(),$F$4:$CN$12,8,FALSE) -> #N/A
B19: Tarde | C19: =HLOOKUP(TODAY(),$F$4:$CN$12,9,FALSE) -> #N/A
A20: =A10 -> HPLC.0037 | B20: Manhã | C20: =HLOOKUP(TODAY(),$F$4:$CN$12,10,FALSE) -> #N/A
B21: Tarde | C21: =HLOOKUP(TODAY(),$F$4:$CN$12,11,FALSE) -> #N/A
A22: =A11 -> HPLC.0045 | B22: Manhã | C22: =HLOOKUP(TODAY(),$F$4:$CN$12,12,FALSE) -> #N/A
B23: Tarde | C23: =HLOOKUP(TODAY(),$F$4:$CN$12,13,FALSE) -> #N/A
A24: =A12 -> HPLC.0050 | B24: Manhã | C24: =HLOOKUP(TODAY(),$F$4:$CN$12,14,FALSE) -> #N/A
B25: Tarde | C25: =HLOOKUP(TODAY(),$F$4:$CN$12,15,FALSE) -> #N/A
G34: Estatística do mês
H35: HPLC.0034 | I35: HPLC.0035 | J35: HPLC.0036 | K35: HPLC.0037 | L35: HPLC.0045 | M35: HPLC.0050
G36: Em uso (1º turno) | H36: =COUNTIF($F$7:$CN$7,$G36) -> 0 | I36: =COUNTIF($F$8:$CN$8,$G36) -> 0 | J36: =COUNTIF($F$9:$CN$9,$G36) -> 0 | K36: =COUNTIF($F$10:$CN$10,$G36) -> 0 | L36: =COUNTIF($F$11:$CN$11,$G36) -> 0 | M36: =COUNTIF($F$12:$CN$12,$G36) -> 0
G37: Em uso (2º turno) | H37: =COUNTIF($F$7:$CN$7,$G37) -> 0 | I37: =COUNTIF($F$8:$CN$8,$G37) -> 0 | J37: =COUNTIF($F$9:$CN$9,$G37) -> 0 | K37: =COUNTIF($F$10:$CN$10,$G37) -> 0 | L37: =COUNTIF($F$11:$CN$11,$G37) -> 0 | M37: =COUNTIF($F$12:$CN$12,$G37) -> 0
G38: Qualificação | H38: =COUNTIF($F$7:$CN$7,$G38) -> 0 | I38: =COUNTIF($F$8:$CN$8,$G38) -> 0 | J38: =COUNTIF($F$9:$CN$9,$G38) -> 0 | K38: =COUNTIF($F$10:$CN$10,$G38) -> 0 | L38: =COUNTIF($F$11:$CN$11,$G38) -> 0 | M38: =COUNTIF($F$12:$CN$12,$G38) -> 0
G39: Empréstimo - Desenho analítico / IVIV | H39: =COUNTIF($F$7:$CN$7,$G39) -> 0 | I39: =COUNTIF($F$8:$CN$8,$G39) -> 0 | J39: =COUNTIF($F$9:$CN$9,$G39) -> 0 | K39: =COUNTIF($F$10:$CN$10,$G39) -> 0 | L39: =COUNTIF($F$11:$CN$11,$G39) -> 0 | M39: =COUNTIF($F$12:$CN$12,$G39) -> 0
G40: Empréstimo - Diss | H40: =COUNTIF($F$7:$CN$7,$G40) -> 0 | I40: =COUNTIF($F$8:$CN$8,$G40) -> 0 | J40: =COUNTIF($F$9:$CN$9,$G40) -> 0 | K40: =COUNTIF($F$10:$CN$10,$G40) -> 0 | L40: =COUNTIF($F$11:$CN$11,$G40) -> 0 | M40: =COUNTIF($F$12:$CN$12,$G40) -> 0
G41: Empréstimo - PD | H41: =COUNTIF($F$7:$CN$7,$G41) -> 0 | I41: =COUNTIF($F$8:$CN$8,$G41) -> 0 | J41: =COUNTIF($F$9:$CN$9,$G41) -> 0 | K41: =COUNTIF($F$10:$CN$10,$G41) -> 0 | L41: =COUNTIF($F$11:$CN$11,$G41) -> 0 | M41: =COUNTIF($F$12:$CN$12,$G41) -> 0
G42: Empréstimo - Não medicamento | H42: =COUNTIF($F$7:$CN$7,$G42) -> 0 | I42: =COUNTIF($F$8:$CN$8,$G42) -> 0 | J42: =COUNTIF($F$9:$CN$9,$G42) -> 0 | K42: =COUNTIF($F$10:$CN$10,$G42) -> 0 | L42: =COUNTIF($F$11:$CN$11,$G42) -> 0 | M42: =COUNTIF($F$12:$CN$12,$G42) -> 0
G43: Empréstimo - Suporte analítico | H43: =COUNTIF($F$7:$CN$7,$G43) -> 0 | I43: =COUNTIF($F$8:$CN$8,$G43) -> 0 | J43: =COUNTIF($F$9:$CN$9,$G43) -> 0 | K43: =COUNTIF($F$10:$CN$10,$G43) -> 0 | L43: =COUNTIF($F$11:$CN$11,$G43) -> 0 | M43: =COUNTIF($F$12:$CN$12,$G43) -> 0
G44: Empréstimo - Troubleshooting | H44: =COUNTIF($F$7:$CN$7,$G44) -> 0 | I44: =COUNTIF($F$8:$CN$8,$G44) -> 0 | J44: =COUNTIF($F$9:$CN$9,$G44) -> 0 | K44: =COUNTIF($F$10:$CN$10,$G44) -> 0 | L44: =COUNTIF($F$11:$CN$11,$G44) -> 0 | M44: =COUNTIF($F$12:$CN$12,$G44) -> 0
G45: Manutenção | H45: =COUNTIF($F$7:$CN$7,$G45) -> 0 | I45: =COUNTIF($F$8:$CN$8,$G45) -> 0 | J45: =COUNTIF($F$9:$CN$9,$G45) -> 0 | K45: =COUNTIF($F$10:$CN$10,$G45) -> 0 | L45: =COUNTIF($F$11:$CN$11,$G45) -> 0 | M45: =COUNTIF($F$12:$CN$12,$G45) -> 0
G46: Livre | H46: =COUNTIF($F$7:$CN$7,$G46) -> 0 | I46: =COUNTIF($F$8:$CN$8,$G46) -> 0 | J46: =COUNTIF($F$9:$CN$9,$G46) -> 0 | K46: =COUNTIF($F$10:$CN$10,$G46) -> 0 | L46: =COUNTIF($F$11:$CN$11,$G46) -> 0 | M46: =COUNTIF($F$12:$CN$12,$G46) -> 0
H47: =H35 -> HPLC.0034 | I47: =I35 -> HPLC.0035 | J47: =J35 -> HPLC.0036 | K47: =K35 -> HPLC.0037 | L47: =L35 -> HPLC.0045 | M47: =M35 -> HPLC.0050
G48: Dias em uso | H48: =SUM(H36:H37,H39:H44) -> 0 | I48: =SUM(I36:I37,I39:I44) -> 0 | J48: =SUM(J36:J37,J39:J44) -> 0 | K48: =SUM(K36:K37,K39:K44) -> 0 | L48: =SUM(L36:L37,L39:L44) -> 0 | M48: =SUM(M36:M37,M39:M44) -> 0
G49: Dias livre | H49: =SUM(H38,H45:H46) -> 0 | I49: =SUM(I38,I45:I46) -> 0 | J49: =SUM(J38,J45:J46) -> 0 | K49: =SUM(K38,K45:K46) -> 0 | L49: =SUM(L38,L45:L46) -> 0 | M49: =SUM(M38,M45:M46) -> 0
A57: Estatística do dia
A58: Em uso (1º turno) | B58: =COUNTIF($C$14:$C$25,A58) -> 0 | C58: Total equip. | D58: =COUNTA(A7:A12) -> 6
A59: Em uso (2º turno) | B59: =COUNTIF($C$14:$C$25,A59) -> 0
A60: Qualificação | B60: =COUNTIF($C$14:$C$25,A60) -> 0
A61: Empréstimo - Desenho analítico / IVIV | B61: =COUNTIF($C$14:$C$25,A61) -> 0
A62: Empréstimo - Diss | B62: =COUNTIF($C$14:$C$25,A62) -> 0
A63: Empréstimo - PD | B63: =COUNTIF($C$14:$C$25,A63) -> 0
A64: Empréstimo - Não medicamento | B64: =COUNTIF($C$14:$C$25,A64) -> 0
A65: Empréstimo - Suporte analítico | B65: =COUNTIF($C$14:$C$25,A65) -> 0
A66: Empréstimo - Troubleshooting | B66: =COUNTIF($C$14:$C$25,A66) -> 0
A67: Manutenção | B67: =COUNTIF($C$14:$C$25,A67) -> 0
A68: Livre | B68: =COUNTIF($C$14:$C$25,A68) -> 0
A70: Detectores: | B70: DAD + MS
B71: DAD-HS
B72: DAD-HS + FLD
B73: DAD-WR
B74: DAD-WR + FC-AS
B75: PDA
B76: PDA + FLR
B77: UV Dual λ
B78: VWD + ELSD
B79: VWD + RID

Sheet MP_Mar.20
A1: ="Calendário de uso HPLC - "&IF(MONTH(F4)=1,CX1,IF(MONTH(F4)=2,CX2,IF(MONTH(F4)=3,CX3,IF(MONTH(F4)=4,CX4,IF(MONTH(F4)=5,CX5,IF(MONTH(F4)=6,CX6,IF(MONTH(F4)=7,CX7,IF(MONTH(F4)=8,CX8,IF(MONTH(F4)=9,CX9,IF(MONTH(F4)=10,CX10,IF(MONTH(F4)=11,CX11,IF(MONTH(F4)=12,CX12,"NA")))))))))))) & "/" & YEAR(F4) & " - Equipe MP" -> Calendário de uso HPLC - Março/2020 - Equipe MP | CU1: 1 | CV1: Segunda-Feira | CW1: 1 | CX1: Janeiro
CU2: 2 | CV2: Terça-Feira | CW2: 2 | CX2: Fevereiro
F3: =F5 -> Domingo | G3: =F5 -> Domingo | H3: =F5 -> Domingo | I3: =I5 -> Segunda-Feira | J3: =I5 -> Segunda-Feira | K3: =I5 -> Segunda-Feira | L3: =L5 -> Terça-Feira | M3: =L5 -> Terça-Feira | N3: =L5 -> Terça-Feira | O3: =O5 -> Quarta-Feira | P3: =O5 -> Quarta-Feira | Q3: =O5 -> Quarta-Feira | R3: =R5 -> Quinta-Feira | S3: =R5 -> Quinta-Feira | T3: =R5 -> Quinta-Feira | U3: =U5 -> Sexta-Feira | V3: =U5 -> Sexta-Feira | W3: =U5 -> Sexta-Feira | X3: =X5 -> Sábado | Y3: =X5 -> Sábado | Z3: =X5 -> Sábado | AA3: =AA5 -> Domingo | AB3: =AA5 -> Domingo | AC3: =AA5 -> Domingo | AD3: =AD5 -> Segunda-Feira | AE3: =AD5 -> Segunda-Feira | AF3: =AD5 -> Segunda-Feira | AG3: =AG5 -> Terça-Feira | AH3: =AG5 -> Terça-Feira | AI3: =AG5 -> Terça-Feira | AJ3: =AJ5 -> Quarta-Feira | AK3: =AJ5 -> Quarta-Feira | AL3: =AJ5 -> Quarta-Feira | AM3: =AM5 -> Quinta-Feira | AN3: =AM5 -> Quinta-Feira | AO3: =AM5 -> Quinta-Feira | AP3: =AP5 -> Sexta-Feira | AQ3: =AP5 -> Sexta-Feira | AR3: =AP5 -> Sexta-Feira | AS3: =AS5 -> Sábado | AT3: =AS5 -> Sábado | AU3: =AS5 -> Sábado | AV3: =AV5 -> Domingo | AW3: =AV5 -> Domingo | AX3: =AV5 -> Domingo | AY3: =AY5 -> Segunda-Feira | AZ3: =AY5 -> Segunda-Feira | BA3: =AY5 -> Segunda-Feira | BB3: =BB5 -> Terça-Feira | BC3: =BB5 -> Terça-Feira | BD3: =BB5 -> Terça-Feira | BE3: =BE5 -> Quarta-Feira | BF3: =BE5 -> Quarta-Feira | BG3: =BE5 -> Quarta-Feira | BH3: =BH5 -> Quinta-Feira | BI3: =BH5 -> Quinta-Feira | BJ3: =BH5 -> Quinta-Feira | BK3: =BK5 -> Sexta-Feira | BL3: =BK5 -> Sexta-Feira | BM3: =BK5 -> Sexta-Feira | BN3: =BN5 -> Sábado | BO3: =BN5 -> Sábado | BP3: =BN5 -> Sábado | BQ3: =BQ5 -> Domingo | BR3: =BQ5 -> Domingo | BS3: =BQ5 -> Domingo | BT3: =BT5 -> Segunda-Feira | BU3: =BT5 -> Segunda-Feira | BV3: =BT5 -> Segunda-Feira | BW3: =BW5 -> Terça-Feira | BX3: =BW5 -> Terça-Feira | BY3: =BW5 -> Terça-Feira | BZ3: =BZ5 -> Quarta-Feira | CA3: =BZ5 -> Quarta-Feira | CB3: =BZ5 -> Quarta-Feira | CC3: =CC5 -> Quinta-Feira | CD3: =CC5 -> Quinta-Feira | CE3: =CC5 -> Quinta-Feira | CF3: =CF5 -> Sexta-Feira | CG3: =CF5 -> Sexta-Feira | CH3: =CF5 -> Sexta-Feira | CI3: =CI5 -> Sábado | CJ3: =CI5 -> Sábado | CK3: =CI5 -> Sábado | CL3: =CL5 -> Domingo | CM3: =CL5 -> Domingo | CN3: =CL5 -> Domingo | CO3: =CO5 -> Segunda-Feira | CP3: =CO5 -> Segunda-Feira | CQ3: =CO5 -> Segunda-Feira | CR3: =CR5 -> Terça-Feira | CS3: =CR5 -> Terça-Feira | CT3: =CR5 -> Terça-Feira | CU3: 3 | CV3: Quarta-Feira | CW3: 3 | CX3: Março
F4: 43891 | I4: =F4+1 -> 43892 | L4: =I4+1 -> 43893 | O4: =L4+1 -> 43894 | R4: =O4+1 -> 43895 | U4: =R4+1 -> 43896 | X4: =U4+1 -> 43897 | AA4: =X4+1 -> 43898 | AD4: =AA4+1 -> 43899 | AG4: =AD4+1 -> 43900 | AJ4: =AG4+1 -> 43901 | AM4: =AJ4+1 -> 43902 | AP4: =AM4+1 -> 43903 | AS4: =AP4+1 -> 43904 | AV4: =AS4+1 -> 43905 | AY4: =AV4+1 -> 43906 | BB4: =AY4+1 -> 43907 | BE4: =BB4+1 -> 43908 | BH4: =BE4+1 -> 43909 | BK4: =BH4+1 -> 43910 | BN4: =BK4+1 -> 43911 | BQ4: =BN4+1 -> 43912 | BT4: =BQ4+1 -> 43913 | BW4: =BT4+1 -> 43914 | BZ4: =BW4+1 -> 43915 | CC4: =BZ4+1 -> 43916 | CF4: =CC4+1 -> 43917 | CI4: =CF4+1 -> 43918 | CL4: =CI4+1 -> 43919 | CO4: =CL4+1 -> 43920 | CR4: =CO4+1 -> 43921 | CU4: 4 | CV4: Quinta-Feira | CW4: 4 | CX4: Abril
F5: =IF(WEEKDAY(F4,2)=1,$CV$1,IF(WEEKDAY(F4,2)=2,$CV$2,IF(WEEKDAY(F4,2)=3,$CV$3,IF(WEEKDAY(F4,2)=4,$CV$4,IF(WEEKDAY(F4,2)=5,$CV$5,IF(WEEKDAY(F4,2)=6,$CV$6,IF(WEEKDAY(F4,2)=7,$CV$7,"ERRO"))))))) -> Domingo | I5: =IF(WEEKDAY(I4,2)=1,$CV$1,IF(WEEKDAY(I4,2)=2,$CV$2,IF(WEEKDAY(I4,2)=3,$CV$3,IF(WEEKDAY(I4,2)=4,$CV$4,IF(WEEKDAY(I4,2)=5,$CV$5,IF(WEEKDAY(I4,2)=6,$CV$6,IF(WEEKDAY(I4,2)=7,$CV$7,"ERRO"))))))) -> Segunda-Feira | L5: =IF(WEEKDAY(L4,2)=1,$CV$1,IF(WEEKDAY(L4,2)=2,$CV$2,IF(WEEKDAY(L4,2)=3,$CV$3,IF(WEEKDAY(L4,2)=4,$CV$4,IF(WEEKDAY(L4,2)=5,$CV$5,IF(WEEKDAY(L4,2)=6,$CV$6,IF(WEEKDAY(L4,2)=7,$CV$7,"ERRO"))))))) -> Terça-Feira | O5: =IF(WEEKDAY(O4,2)=1,$CV$1,IF(WEEKDAY(O4,2)=2,$CV$2,IF(WEEKDAY(O4,2)=3,$CV$3,IF(WEEKDAY(O4,2)=4,$CV$4,IF(WEEKDAY(O4,2)=5,$CV$5,IF(WEEKDAY(O4,2)=6,$CV$6,IF(WEEKDAY(O4,2)=7,$CV$7,"ERRO"))))))) -> Quarta-Feira | R5: =IF(WEEKDAY(R4,2)=1,$CV$1,IF(WEEKDAY(R4,2)=2,$CV$2,IF(WEEKDAY(R4,2)=3,$CV$3,IF(WEEKDAY(R4,2)=4,$CV$4,IF(WEEKDAY(R4,2)=5,$CV$5,IF(WEEKDAY(R4,2)=6,$CV$6,IF(WEEKDAY(R4,2)=7,$CV$7,"ERRO"))))))) -> Quinta-Feira | U5: =IF(WEEKDAY(U4,2)=1,$CV$1,IF(WEEKDAY(U4,2)=2,$CV$2,IF(WEEKDAY(U4,2)=3,$CV$3,IF(WEEKDAY(U4,2)=4,$CV$4,IF(WEEKDAY(U4,2)=5,$CV$5,IF(WEEKDAY(U4,2)=6,$CV$6,IF(WEEKDAY(U4,2)=7,$CV$7,"ERRO"))))))) -> Sexta-Feira | X5: =IF(WEEKDAY(X4,2)=1,$CV$1,IF(WEEKDAY(X4,2)=2,$CV$2,IF(WEEKDAY(X4,2)=3,$CV$3,IF(WEEKDAY(X4,2)=4,$CV$4,IF(WEEKDAY(X4,2)=5,$CV$5,IF(WEEKDAY(X4,2)=6,$CV$6,IF(WEEKDAY(X4,2)=7,$CV$7,"ERRO"))))))) -> Sábado | AA5: =IF(WEEKDAY(AA4,2)=1,$CV$1,IF(WEEKDAY(AA4,2)=2,$CV$2,IF(WEEKDAY(AA4,2)=3,$CV$3,IF(WEEKDAY(AA4,2)=4,$CV$4,IF(WEEKDAY(AA4,2)=5,$CV$5,IF(WEEKDAY(AA4,2)=6,$CV$6,IF(WEEKDAY(AA4,2)=7,$CV$7,"ERRO"))))))) -> Domingo | AD5: =IF(WEEKDAY(AD4,2)=1,$CV$1,IF(WEEKDAY(AD4,2)=2,$CV$2,IF(WEEKDAY(AD4,2)=3,$CV$3,IF(WEEKDAY(AD4,2)=4,$CV$4,IF(WEEKDAY(AD4,2)=5,$CV$5,IF(WEEKDAY(AD4,2)=6,$CV$6,IF(WEEKDAY(AD4,2)=7,$CV$7,"ERRO"))))))) -> Segunda-Feira | AG5: =IF(WEEKDAY(AG4,2)=1,$CV$1,IF(WEEKDAY(AG4,2)=2,$CV$2,IF(WEEKDAY(AG4,2)=3,$CV$3,IF(WEEKDAY(AG4,2)=4,$CV$4,IF(WEEKDAY(AG4,2)=5,$CV$5,IF(WEEKDAY(AG4,2)=6,$CV$6,IF(WEEKDAY(AG4,2)=7,$CV$7,"ERRO"))))))) -> Terça-Feira | AJ5: =IF(WEEKDAY(AJ4,2)=1,$CV$1,IF(WEEKDAY(AJ4,2)=2,$CV$2,IF(WEEKDAY(AJ4,2)=3,$CV$3,IF(WEEKDAY(AJ4,2)=4,$CV$4,IF(WEEKDAY(AJ4,2)=5,$CV$5,IF(WEEKDAY(AJ4,2)=6,$CV$6,IF(WEEKDAY(AJ4,2)=7,$CV$7,"ERRO"))))))) -> Quarta-Feira | AM5: =IF(WEEKDAY(AM4,2)=1,$CV$1,IF(WEEKDAY(AM4,2)=2,$CV$2,IF(WEEKDAY(AM4,2)=3,$CV$3,IF(WEEKDAY(AM4,2)=4,$CV$4,IF(WEEKDAY(AM4,2)=5,$CV$5,IF(WEEKDAY(AM4,2)=6,$CV$6,IF(WEEKDAY(AM4,2)=7,$CV$7,"ERRO"))))))) -> Quinta-Feira | AP5: =IF(WEEKDAY(AP4,2)=1,$CV$1,IF(WEEKDAY(AP4,2)=2,$CV$2,IF(WEEKDAY(AP4,2)=3,$CV$3,IF(WEEKDAY(AP4,2)=4,$CV$4,IF(WEEKDAY(AP4,2)=5,$CV$5,IF(WEEKDAY(AP4,2)=6,$CV$6,IF(WEEKDAY(AP4,2)=7,$CV$7,"ERRO"))))))) -> Sexta-Feira | AS5: =IF(WEEKDAY(AS4,2)=1,$CV$1,IF(WEEKDAY(AS4,2)=2,$CV$2,IF(WEEKDAY(AS4,2)=3,$CV$3,IF(WEEKDAY(AS4,2)=4,$CV$4,IF(WEEKDAY(AS4,2)=5,$CV$5,IF(WEEKDAY(AS4,2)=6,$CV$6,IF(WEEKDAY(AS4,2)=7,$CV$7,"ERRO"))))))) -> Sábado | AV5: =IF(WEEKDAY(AV4,2)=1,$CV$1,IF(WEEKDAY(AV4,2)=2,$CV$2,IF(WEEKDAY(AV4,2)=3,$CV$3,IF(WEEKDAY(AV4,2)=4,$CV$4,IF(WEEKDAY(AV4,2)=5,$CV$5,IF(WEEKDAY(AV4,2)=6,$CV$6,IF(WEEKDAY(AV4,2)=7,$CV$7,"ERRO"))))))) -> Domingo | AY5: =IF(WEEKDAY(AY4,2)=1,$CV$1,IF(WEEKDAY(AY4,2)=2,$CV$2,IF(WEEKDAY(AY4,2)=3,$CV$3,IF(WEEKDAY(AY4,2)=4,$CV$4,IF(WEEKDAY(AY4,2)=5,$CV$5,IF(WEEKDAY(AY4,2)=6,$CV$6,IF(WEEKDAY(AY4,2)=7,$CV$7,"ERRO"))))))) -> Segunda-Feira | BB5: =IF(WEEKDAY(BB4,2)=1,$CV$1,IF(WEEKDAY(BB4,2)=2,$CV$2,IF(WEEKDAY(BB4,2)=3,$CV$3,IF(WEEKDAY(BB4,2)=4,$CV$4,IF(WEEKDAY(BB4,2)=5,$CV$5,IF(WEEKDAY(BB4,2)=6,$CV$6,IF(WEEKDAY(BB4,2)=7,$CV$7,"ERRO"))))))) -> Terça-Feira | BE5: =IF(WEEKDAY(BE4,2)=1,$CV$1,IF(WEEKDAY(BE4,2)=2,$CV$2,IF(WEEKDAY(BE4,2)=3,$CV$3,IF(WEEKDAY(BE4,2)=4,$CV$4,IF(WEEKDAY(BE4,2)=5,$CV$5,IF(WEEKDAY(BE4,2)=6,$CV$6,IF(WEEKDAY(BE4,2)=7,$CV$7,"ERRO"))))))) -> Quarta-Feira | BH5: =IF(WEEKDAY(BH4,2)=1,$CV$1,IF(WEEKDAY(BH4,2)=2,$CV$2,IF(WEEKDAY(BH4,2)=3,$CV$3,IF(WEEKDAY(BH4,2)=4,$CV$4,IF(WEEKDAY(BH4,2)=5,$CV$5,IF(WEEKDAY(BH4,2)=6,$CV$6,IF(WEEKDAY(BH4,2)=7,$CV$7,"ERRO"))))))) -> Quinta-Feira | BK5: =IF(WEEKDAY(BK4,2)=1,$CV$1,IF(WEEKDAY(BK4,2)=2,$CV$2,IF(WEEKDAY(BK4,2)=3,$CV$3,IF(WEEKDAY(BK4,2)=4,$CV$4,IF(WEEKDAY(BK4,2)=5,$CV$5,IF(WEEKDAY(BK4,2)=6,$CV$6,IF(WEEKDAY(BK4,2)=7,$CV$7,"ERRO"))))))) -> Sexta-Feira | BN5: =IF(WEEKDAY(BN4,2)=1,$CV$1,IF(WEEKDAY(BN4,2)=2,$CV$2,IF(WEEKDAY(BN4,2)=3,$CV$3,IF(WEEKDAY(BN4,2)=4,$CV$4,IF(WEEKDAY(BN4,2)=5,$CV$5,IF(WEEKDAY(BN4,2)=6,$CV$6,IF(WEEKDAY(BN4,2)=7,$CV$7,"ERRO"))))))) -> Sábado | BQ5: =IF(WEEKDAY(BQ4,2)=1,$CV$1,IF(WEEKDAY(BQ4,2)=2,$CV$2,IF(WEEKDAY(BQ4,2)=3,$CV$3,IF(WEEKDAY(BQ4,2)=4,$CV$4,IF(WEEKDAY(BQ4,2)=5,$CV$5,IF(WEEKDAY(BQ4,2)=6,$CV$6,IF(WEEKDAY(BQ4,2)=7,$CV$7,"ERRO"))))))) -> Domingo | BT5: =IF(WEEKDAY(BT4,2)=1,$CV$1,IF(WEEKDAY(BT4,2)=2,$CV$2,IF(WEEKDAY(BT4,2)=3,$CV$3,IF(WEEKDAY(BT4,2)=4,$CV$4,IF(WEEKDAY(BT4,2)=5,$CV$5,IF(WEEKDAY(BT4,2)=6,$CV$6,IF(WEEKDAY(BT4,2)=7,$CV$7,"ERRO"))))))) -> Segunda-Feira | BW5: =IF(WEEKDAY(BW4,2)=1,$CV$1,IF(WEEKDAY(BW4,2)=2,$CV$2,IF(WEEKDAY(BW4,2)=3,$CV$3,IF(WEEKDAY(BW4,2)=4,$CV$4,IF(WEEKDAY(BW4,2)=5,$CV$5,IF(WEEKDAY(BW4,2)=6,$CV$6,IF(WEEKDAY(BW4,2)=7,$CV$7,"ERRO"))))))) -> Terça-Feira | BZ5: =IF(WEEKDAY(BZ4,2)=1,$CV$1,IF(WEEKDAY(BZ4,2)=2,$CV$2,IF(WEEKDAY(BZ4,2)=3,$CV$3,IF(WEEKDAY(BZ4,2)=4,$CV$4,IF(WEEKDAY(BZ4,2)=5,$CV$5,IF(WEEKDAY(BZ4,2)=6,$CV$6,IF(WEEKDAY(BZ4,2)=7,$CV$7,"ERRO"))))))) -> Quarta-Feira | CC5: =IF(WEEKDAY(CC4,2)=1,$CV$1,IF(WEEKDAY(CC4,2)=2,$CV$2,IF(WEEKDAY(CC4,2)=3,$CV$3,IF(WEEKDAY(CC4,2)=4,$CV$4,IF(WEEKDAY(CC4,2)=5,$CV$5,IF(WEEKDAY(CC4,2)=6,$CV$6,IF(WEEKDAY(CC4,2)=7,$CV$7,"ERRO"))))))) -> Quinta-Feira | CF5: =IF(WEEKDAY(CF4,2)=1,$CV$1,IF(WEEKDAY(CF4,2)=2,$CV$2,IF(WEEKDAY(CF4,2)=3,$CV$3,IF(WEEKDAY(CF4,2)=4,$CV$4,IF(WEEKDAY(CF4,2)=5,$CV$5,IF(WEEKDAY(CF4,2)=6,$CV$6,IF(WEEKDAY(CF4,2)=7,$CV$7,"ERRO"))))))) -> Sexta-Feira | CI5: =IF(WEEKDAY(CI4,2)=1,$CV$1,IF(WEEKDAY(CI4,2)=2,$CV$2,IF(WEEKDAY(CI4,2)=3,$CV$3,IF(WEEKDAY(CI4,2)=4,$CV$4,IF(WEEKDAY(CI4,2)=5,$CV$5,IF(WEEKDAY(CI4,2)=6,$CV$6,IF(WEEKDAY(CI4,2)=7,$CV$7,"ERRO"))))))) -> Sábado | CL5: =IF(WEEKDAY(CL4,2)=1,$CV$1,IF(WEEKDAY(CL4,2)=2,$CV$2,IF(WEEKDAY(CL4,2)=3,$CV$3,IF(WEEKDAY(CL4,2)=4,$CV$4,IF(WEEKDAY(CL4,2)=5,$CV$5,IF(WEEKDAY(CL4,2)=6,$CV$6,IF(WEEKDAY(CL4,2)=7,$CV$7,"ERRO"))))))) -> Domingo | CO5: =IF(WEEKDAY(CO4,2)=1,$CV$1,IF(WEEKDAY(CO4,2)=2,$CV$2,IF(WEEKDAY(CO4,2)=3,$CV$3,IF(WEEKDAY(CO4,2)=4,$CV$4,IF(WEEKDAY(CO4,2)=5,$CV$5,IF(WEEKDAY(CO4,2)=6,$CV$6,IF(WEEKDAY(CO4,2)=7,$CV$7,"ERRO"))))))) -> Segunda-Feira | CR5: =IF(WEEKDAY(CR4,2)=1,$CV$1,IF(WEEKDAY(CR4,2)=2,$CV$2,IF(WEEKDAY(CR4,2)=3,$CV$3,IF(WEEKDAY(CR4,2)=4,$CV$4,IF(WEEKDAY(CR4,2)=5,$CV$5,IF(WEEKDAY(CR4,2)=6,$CV$6,IF(WEEKDAY(CR4,2)=7,$CV$7,"ERRO"))))))) -> Terça-Feira | CU5: 5 | CV5: Sexta-Feira | CW5: 5 | CX5: Maio
A6: TAG | B6: DETECTOR | C6: MODELO | D6: Bancada | E6: Posição | F6: Status | G6: Analista | H6: Projeto/Obs | I6: Status | J6: Analista | K6: Projeto/Obs | L6: Status | M6: Analista | N6: Projeto/Obs | O6: Status | P6: Analista | Q6: Projeto/Obs | R6: Status | S6: Analista | T6: Projeto/Obs | U6: Status | V6: Analista | W6: Projeto/Obs | X6: Status | Y6: Analista | Z6: Projeto/Obs | AA6: Status | AB6: Analista | AC6: Projeto/Obs | AD6: Status | AE6: Analista | AF6: Projeto/Obs | AG6: Status | AH6: Analista | AI6: Projeto/Obs | AJ6: Status | AK6: Analista | AL6: Projeto/Obs | AM6: Status | AN6: Analista | AO6: Projeto/Obs | AP6: Status | AQ6: Analista | AR6: Projeto/Obs | AS6: Status | AT6: Analista | AU6: Projeto/Obs | AV6: Status | AW6: Analista | AX6: Projeto/Obs | AY6: Status | AZ6: Analista | BA6: Projeto/Obs | BB6: Status | BC6: Analista | BD6: Projeto/Obs | BE6: Status | BF6: Analista | BG6: Projeto/Obs | BH6: Status | BI6: Analista | BJ6: Projeto/Obs | BK6: Status | BL6: Analista | BM6: Projeto/Obs | BN6: Status | BO6: Analista | BP6: Projeto/Obs | BQ6: Status | BR6: Analista | BS6: Projeto/Obs | BT6: Status | BU6: Analista | BV6: Projeto/Obs | BW6: Status | BX6: Analista | BY6: Projeto/Obs | BZ6: Status | CA6: Analista | CB6: Projeto/Obs | CC6: Status | CD6: Analista | CE6: Projeto/Obs | CF6: Status | CG6: Analista | CH6: Projeto/Obs | CI6: Status | CJ6: Analista | CK6: Projeto/Obs | CL6: Status | CM6: Analista | CN6: Projeto/Obs | CO6: Status | CP6: Analista | CQ6: Projeto/Obs | CR6: Status | CS6: Analista | CT6: Projeto/Obs | CU6: 6 | CV6: Sábado | CW6: 6 | CX6: Junho
A7: HPLC.0034 | B7: DAD-HS + FLD | C7: 1290 | D7: B4 | E7: P5 | CU7: 7 | CV7: Domingo | CW7: 7 | CX7: Julho
A8: HPLC.0035 | B8: (DAD WR) | C8: 1290 | D8: B4 | E8: P1 | CW8: 8 | CX8: Agosto
A9: HPLC.0036 | B9: (DAD WR) | C9: 1260 | D9: B5 | E9: P2 | CW9: 9 | CX9: Setembro
A10: HPLC.0037 | B10: (VWD + ELSD) | C10: 1260 | D10: B3 | E10: P5 | CW10: 10 | CX10: Outubro
A11: HPLC.0045 | B11: DAD-WR | C11: Acquity UPLC | D11: B5 | E11: P3 | CW11: 11 | CX11: Novembro
A12: HPLC.0050 | B12: UV Dual λ | C12: Alliance 2489 | D12: B5 | E12: P4 | CW12: 12 | CX12: Dezembro
A14: =A7 -> HPLC.0034 | B14: Manhã | C14: =HLOOKUP(TODAY(),$F$4:$CT$12,4,FALSE) -> #N/A | P14: STATUS INDIVIDUAL MENSAL DOS EQUIPAMENTOS - DIAS ÚTEIS | AR14: STATUS MENSAL DOS EQUIPAMENTOS POR GRUPO DE MODELOS/DETECTORES
B15: Tarde | C15: =HLOOKUP(TODAY(),$F$4:$CT$12,5,FALSE) -> #N/A
A16: =A8 -> HPLC.0035 | B16: Manhã | C16: =HLOOKUP(TODAY(),$F$4:$CT$12,6,FALSE) -> #N/A
B17: Tarde | C17: =HLOOKUP(TODAY(),$F$4:$CT$12,7,FALSE) -> #N/A
A18: =A9 -> HPLC.0036 | B18: Manhã | C18: =HLOOKUP(TODAY(),$F$4:$CT$12,8,FALSE) -> #N/A
B19: Tarde | C19: =HLOOKUP(TODAY(),$F$4:$CT$12,9,FALSE) -> #N/A
A20: =A10 -> HPLC.0037 | B20: Manhã | C20: =HLOOKUP(TODAY(),$F$4:$CT$12,10,FALSE) -> #N/A
B21: Tarde | C21: =HLOOKUP(TODAY(),$F$4:$CT$12,11,FALSE) -> #N/A
A22: =A11 -> HPLC.0045 | B22: Manhã | C22: =HLOOKUP(TODAY(),$F$4:$CT$12,12,FALSE) -> #N/A
B23: Tarde | C23: =HLOOKUP(TODAY(),$F$4:$CT$12,13,FALSE) -> #N/A
A24: =A12 -> HPLC.0050 | B24: Manhã | C24: =HLOOKUP(TODAY(),$F$4:$CT$12,14,FALSE) -> #N/A
B25: Tarde | C25: =HLOOKUP(TODAY(),$F$4:$CT$12,15,FALSE) -> #N/A
G34: Estatística do mês
H35: HPLC.0034 | I35: HPLC.0035 | J35: HPLC.0036 | K35: HPLC.0037 | L35: HPLC.0045 | M35: HPLC.0050
G36: Em uso (1º turno) | H36: =COUNTIF($F$7:$CT$7,$G36) -> 0 | I36: =COUNTIF($F$8:$CT$8,$G36) -> 0 | J36: =COUNTIF($F$9:$CT$9,$G36) -> 0 | K36: =COUNTIF($F$10:$CT$10,$G36) -> 0 | L36: =COUNTIF($F$11:$CT$11,$G36) -> 0 | M36: =COUNTIF($F$12:$CT$12,$G36) -> 0
G37: Em uso (2º turno) | H37: =COUNTIF($F$7:$CT$7,$G37) -> 0 | I37: =COUNTIF($F$8:$CT$8,$G37) -> 0 | J37: =COUNTIF($F$9:$CT$9,$G37) -> 0 | K37: =COUNTIF($F$10:$CT$10,$G37) -> 0 | L37: =COUNTIF($F$11:$CT$11,$G37) -> 0 | M37: =COUNTIF($F$12:$CT$12,$G37) -> 0
G38: Qualificação | H38: =COUNTIF($F$7:$CT$7,$G38) -> 0 | I38: =COUNTIF($F$8:$CT$8,$G38) -> 0 | J38: =COUNTIF($F$9:$CT$9,$G38) -> 0 | K38: =COUNTIF($F$10:$CT$10,$G38) -> 0 | L38: =COUNTIF($F$11:$CT$11,$G38) -> 0 | M38: =COUNTIF($F$12:$CT$12,$G38) -> 0
G39: Empréstimo - Desenho analítico / IVIV | H39: =COUNTIF($F$7:$CT$7,$G39) -> 0 | I39: =COUNTIF($F$8:$CT$8,$G39) -> 0 | J39: =COUNTIF($F$9:$CT$9,$G39) -> 0 | K39: =COUNTIF($F$10:$CT$10,$G39) -> 0 | L39: =COUNTIF($F$11:$CT$11,$G39) -> 0 | M39: =COUNTIF($F$12:$CT$12,$G39) -> 0
G40: Empréstimo - Diss | H40: =COUNTIF($F$7:$CT$7,$G40) -> 0 | I40: =COUNTIF($F$8:$CT$8,$G40) -> 0 | J40: =COUNTIF($F$9:$CT$9,$G40) -> 0 | K40: =COUNTIF($F$10:$CT$10,$G40) -> 0 | L40: =COUNTIF($F$11:$CT$11,$G40) -> 0 | M40: =COUNTIF($F$12:$CT$12,$G40) -> 0
G41: Empréstimo - PD | H41: =COUNTIF($F$7:$CT$7,$G41) -> 0 | I41: =COUNTIF($F$8:$CT$8,$G41) -> 0 | J41: =COUNTIF($F$9:$CT$9,$G41) -> 0 | K41: =COUNTIF($F$10:$CT$10,$G41) -> 0 | L41: =COUNTIF($F$11:$CT$11,$G41) -> 0 | M41: =COUNTIF($F$12:$CT$12,$G41) -> 0
G42: Empréstimo - Não medicamento | H42: =COUNTIF($F$7:$CT$7,$G42) -> 0 | I42: =COUNTIF($F$8:$CT$8,$G42) -> 0 | J42: =COUNTIF($F$9:$CT$9,$G42) -> 0 | K42: =COUNTIF($F$10:$CT$10,$G42) -> 0 | L42: =COUNTIF($F$11:$CT$11,$G42) -> 0 | M42: =COUNTIF($F$12:$CT$12,$G42) -> 0
G43: Empréstimo - Suporte analítico | H43: =COUNTIF($F$7:$CT$7,$G43) -> 0 | I43: =COUNTIF($F$8:$CT$8,$G43) -> 0 | J43: =COUNTIF($F$9:$CT$9,$G43) -> 0 | K43: =COUNTIF($F$10:$CT$10,$G43) -> 0 | L43: =COUNTIF($F$11:$CT$11,$G43) -> 0 | M43: =COUNTIF($F$12:$CT$12,$G43) -> 0
G44: Empréstimo - Troubleshooting | H44: =COUNTIF($F$7:$CT$7,$G44) -> 0 | I44: =COUNTIF($F$8:$CT$8,$G44) -> 0 | J44: =COUNTIF($F$9:$CT$9,$G44) -> 0 | K44: =COUNTIF($F$10:$CT$10,$G44) -> 0 | L44: =COUNTIF($F$11:$CT$11,$G44) -> 0 | M44: =COUNTIF($F$12:$CT$12,$G44) -> 0
G45: Manutenção | H45: =COUNTIF($F$7:$CT$7,$G45) -> 0 | I45: =COUNTIF($F$8:$CT$8,$G45) -> 0 | J45: =COUNTIF($F$9:$CT$9,$G45) -> 0 | K45: =COUNTIF($F$10:$CT$10,$G45) -> 0 | L45: =COUNTIF($F$11:$CT$11,$G45) -> 0 | M45: =COUNTIF($F$12:$CT$12,$G45) -> 0
G46: Livre | H46: =COUNTIF($F$7:$CT$7,$G46) -> 0 | I46: =COUNTIF($F$8:$CT$8,$G46) -> 0 | J46: =COUNTIF($F$9:$CT$9,$G46) -> 0 | K46: =COUNTIF($F$10:$CT$10,$G46) -> 0 | L46: =COUNTIF($F$11:$CT$11,$G46) -> 0 | M46: =COUNTIF($F$12:$CT$12,$G46) -> 0
H47: =H35 -> HPLC.0034 | I47: =I35 -> HPLC.0035 | J47: =J35 -> HPLC.0036 | K47: =K35 -> HPLC.0037 | L47: =L35 -> HPLC.0045 | M47: =M35 -> HPLC.0050
G48: Dias em uso | H48: =SUM(H36:H37,H39:H44) -> 0 | I48: =SUM(I36:I37,I39:I44) -> 0 | J48: =SUM(J36:J37,J39:J44) -> 0 | K48: =SUM(K36:K37,K39:K44) -> 0 | L48: =SUM(L36:L37,L39:L44) -> 0 | M48: =SUM(M36:M37,M39:M44) -> 0
G49: Dias livre | H49: =SUM(H38,H45:H46) -> 0 | I49: =SUM(I38,I45:I46) -> 0 | J49: =SUM(J38,J45:J46) -> 0 | K49: =SUM(K38,K45:K46) -> 0 | L49: =SUM(L38,L45:L46) -> 0 | M49: =SUM(M38,M45:M46) -> 0
A57: Estatística do dia
A58: Em uso (1º turno) | B58: =COUNTIF($C$14:$C$25,A58) -> 0 | C58: Total equip. | D58: =COUNTA(A7:A12) -> 6
A59: Em uso (2º turno) | B59: =COUNTIF($C$14:$C$25,A59) -> 0
A60: Qualificação | B60: =COUNTIF($C$14:$C$25,A60) -> 0
A61: Empréstimo - Desenho analítico / IVIV | B61: =COUNTIF($C$14:$C$25,A61) -> 0
A62: Empréstimo - Diss | B62: =COUNTIF($C$14:$C$25,A62) -> 0
A63: Empréstimo - PD | B63: =COUNTIF($C$14:$C$25,A63) -> 0
A64: Empréstimo - Não medicamento | B64: =COUNTIF($C$14:$C$25,A64) -> 0
A65: Empréstimo - Suporte analítico | B65: =COUNTIF($C$14:$C$25,A65) -> 0
A66: Empréstimo - Troubleshooting | B66: =COUNTIF($C$14:$C$25,A66) -> 0
A67: Manutenção | B67: =COUNTIF($C$14:$C$25,A67) -> 0
A68: Livre | B68: =COUNTIF($C$14:$C$25,A68) -> 0
A70: Detectores: | B70: DAD + MS
B71: DAD-HS
B72: DAD-HS + FLD
B73: DAD-WR
B74: DAD-WR + FC-AS
B75: PDA
B76: PDA + FLR
B77: UV Dual λ
B78: VWD + ELSD
B79: VWD + RID

Sheet MP_Abr.20
A1: ="Calendário de uso HPLC - "&IF(MONTH(F4)=1,CU1,IF(MONTH(F4)=2,CU2,IF(MONTH(F4)=3,CU3,IF(MONTH(F4)=4,CU4,IF(MONTH(F4)=5,CU5,IF(MONTH(F4)=6,CU6,IF(MONTH(F4)=7,CU7,IF(MONTH(F4)=8,CU8,IF(MONTH(F4)=9,CU9,IF(MONTH(F4)=10,CU10,IF(MONTH(F4)=11,CU11,IF(MONTH(F4)=12,CU12,"NA")))))))))))) & "/" & YEAR(F4) & " - Equipe MP" -> Calendário de uso HPLC - Abril/2020 - Equipe MP | CR1: 1 | CS1: Segunda-Feira | CT1: 1 | CU1: Janeiro
CR2: 2 | CS2: Terça-Feira | CT2: 2 | CU2: Fevereiro
F3: =F5 -> Quarta-Feira | G3: =F5 -> Quarta-Feira | H3: =F5 -> Quarta-Feira | I3: =I5 -> Quinta-Feira | J3: =I5 -> Quinta-Feira | K3: =I5 -> Quinta-Feira | L3: =L5 -> Sexta-Feira | M3: =L5 -> Sexta-Feira | N3: =L5 -> Sexta-Feira | O3: =O5 -> Sábado | P3: =O5 -> Sábado | Q3: =O5 -> Sábado | R3: =R5 -> Domingo | S3: =R5 -> Domingo | T3: =R5 -> Domingo | U3: =U5 -> Segunda-Feira | V3: =U5 -> Segunda-Feira | W3: =U5 -> Segunda-Feira | X3: =X5 -> Terça-Feira | Y3: =X5 -> Terça-Feira | Z3: =X5 -> Terça-Feira | AA3: =AA5 -> Quarta-Feira | AB3: =AA5 -> Quarta-Feira | AC3: =AA5 -> Quarta-Feira | AD3: =AD5 -> Quinta-Feira | AE3: =AD5 -> Quinta-Feira | AF3: =AD5 -> Quinta-Feira | AG3: =AG5 -> Sexta-Feira | AH3: =AG5 -> Sexta-Feira | AI3: =AG5 -> Sexta-Feira | AJ3: =AJ5 -> Sábado | AK3: =AJ5 -> Sábado | AL3: =AJ5 -> Sábado | AM3: =AM5 -> Domingo | AN3: =AM5 -> Domingo | AO3: =AM5 -> Domingo | AP3: =AP5 -> Segunda-Feira | AQ3: =AP5 -> Segunda-Feira | AR3: =AP5 -> Segunda-Feira | AS3: =AS5 -> Terça-Feira | AT3: =AS5 -> Terça-Feira | AU3: =AS5 -> Terça-Feira | AV3: =AV5 -> Quarta-Feira | AW3: =AV5 -> Quarta-Feira | AX3: =AV5 -> Quarta-Feira | AY3: =AY5 -> Quinta-Feira | AZ3: =AY5 -> Quinta-Feira | BA3: =AY5 -> Quinta-Feira | BB3: =BB5 -> Sexta-Feira | BC3: =BB5 -> Sexta-Feira | BD3: =BB5 -> Sexta-Feira | BE3: =BE5 -> Sábado | BF3: =BE5 -> Sábado | BG3: =BE5 -> Sábado | BH3: =BH5 -> Domingo | BI3: =BH5 -> Domingo | BJ3: =BH5 -> Domingo | BK3: =BK5 -> Segunda-Feira | BL3: =BK5 -> Segunda-Feira | BM3: =BK5 -> Segunda-Feira | BN3: =BN5 -> Terça-Feira | BO3: =BN5 -> Terça-Feira | BP3: =BN5 -> Terça-Feira | BQ3: =BQ5 -> Quarta-Feira | BR3: =BQ5 -> Quarta-Feira | BS3: =BQ5 -> Quarta-Feira | BT3: =BT5 -> Quinta-Feira | BU3: =BT5 -> Quinta-Feira | BV3: =BT5 -> Quinta-Feira | BW3: =BW5 -> Sexta-Feira | BX3: =BW5 -> Sexta-Feira | BY3: =BW5 -> Sexta-Feira | BZ3: =BZ5 -> Sábado | CA3: =BZ5 -> Sábado | CB3: =BZ5 -> Sábado | CC3: =CC5 -> Domingo | CD3: =CC5 -> Domingo | CE3: =CC5 -> Domingo | CF3: =CF5 -> Segunda-Feira | CG3: =CF5 -> Segunda-Feira | CH3: =CF5 -> Segunda-Feira | CI3: =CI5 -> Terça-Feira | CJ3: =CI5 -> Terça-Feira | CK3: =CI5 -> Terça-Feira | CL3: =CL5 -> Quarta-Feira | CM3: =CL5 -> Quarta-Feira | CN3: =CL5 -> Quarta-Feira | CO3: =CO5 -> Quinta-Feira | CP3: =CO5 -> Quinta-Feira | CQ3: =CO5 -> Quinta-Feira | CR3: 3 | CS3: Quarta-Feira | CT3: 3 | CU3: Março
F4: 43922 | I4: =F4+1 -> 43923 | L4: =I4+1 -> 43924 | O4: =L4+1 -> 43925 | R4: =O4+1 -> 43926 | U4: =R4+1 -> 43927 | X4: =U4+1 -> 43928 | AA4: =X4+1 -> 43929 | AD4: =AA4+1 -> 43930 | AG4: =AD4+1 -> 43931 | AJ4: =AG4+1 -> 43932 | AM4: =AJ4+1 -> 43933 | AP4: =AM4+1 -> 43934 | AS4: =AP4+1 -> 43935 | AV4: =AS4+1 -> 43936 | AY4: =AV4+1 -> 43937 | BB4: =AY4+1 -> 43938 | BE4: =BB4+1 -> 43939 | BH4: =BE4+1 -> 43940 | BK4: =BH4+1 -> 43941 | BN4: =BK4+1 -> 43942 | BQ4: =BN4+1 -> 43943 | BT4: =BQ4+1 -> 43944 | BW4: =BT4+1 -> 43945 | BZ4: =BW4+1 -> 43946 | CC4: =BZ4+1 -> 43947 | CF4: =CC4+1 -> 43948 | CI4: =CF4+1 -> 43949 | CL4: =CI4+1 -> 43950 | CO4: =CL4+1 -> 43951 | CR4: 4 | CS4: Quinta-Feira | CT4: 4 | CU4: Abril
F5: =IF(WEEKDAY(F4,2)=1,$CS$1,IF(WEEKDAY(F4,2)=2,$CS$2,IF(WEEKDAY(F4,2)=3,$CS$3,IF(WEEKDAY(F4,2)=4,$CS$4,IF(WEEKDAY(F4,2)=5,$CS$5,IF(WEEKDAY(F4,2)=6,$CS$6,IF(WEEKDAY(F4,2)=7,$CS$7,"ERRO"))))))) -> Quarta-Feira | I5: =IF(WEEKDAY(I4,2)=1,$CS$1,IF(WEEKDAY(I4,2)=2,$CS$2,IF(WEEKDAY(I4,2)=3,$CS$3,IF(WEEKDAY(I4,2)=4,$CS$4,IF(WEEKDAY(I4,2)=5,$CS$5,IF(WEEKDAY(I4,2)=6,$CS$6,IF(WEEKDAY(I4,2)=7,$CS$7,"ERRO"))))))) -> Quinta-Feira | L5: =IF(WEEKDAY(L4,2)=1,$CS$1,IF(WEEKDAY(L4,2)=2,$CS$2,IF(WEEKDAY(L4,2)=3,$CS$3,IF(WEEKDAY(L4,2)=4,$CS$4,IF(WEEKDAY(L4,2)=5,$CS$5,IF(WEEKDAY(L4,2)=6,$CS$6,IF(WEEKDAY(L4,2)=7,$CS$7,"ERRO"))))))) -> Sexta-Feira | O5: =IF(WEEKDAY(O4,2)=1,$CS$1,IF(WEEKDAY(O4,2)=2,$CS$2,IF(WEEKDAY(O4,2)=3,$CS$3,IF(WEEKDAY(O4,2)=4,$CS$4,IF(WEEKDAY(O4,2)=5,$CS$5,IF(WEEKDAY(O4,2)=6,$CS$6,IF(WEEKDAY(O4,2)=7,$CS$7,"ERRO"))))))) -> Sábado | R5: =IF(WEEKDAY(R4,2)=1,$CS$1,IF(WEEKDAY(R4,2)=2,$CS$2,IF(WEEKDAY(R4,2)=3,$CS$3,IF(WEEKDAY(R4,2)=4,$CS$4,IF(WEEKDAY(R4,2)=5,$CS$5,IF(WEEKDAY(R4,2)=6,$CS$6,IF(WEEKDAY(R4,2)=7,$CS$7,"ERRO"))))))) -> Domingo | U5: =IF(WEEKDAY(U4,2)=1,$CS$1,IF(WEEKDAY(U4,2)=2,$CS$2,IF(WEEKDAY(U4,2)=3,$CS$3,IF(WEEKDAY(U4,2)=4,$CS$4,IF(WEEKDAY(U4,2)=5,$CS$5,IF(WEEKDAY(U4,2)=6,$CS$6,IF(WEEKDAY(U4,2)=7,$CS$7,"ERRO"))))))) -> Segunda-Feira | X5: =IF(WEEKDAY(X4,2)=1,$CS$1,IF(WEEKDAY(X4,2)=2,$CS$2,IF(WEEKDAY(X4,2)=3,$CS$3,IF(WEEKDAY(X4,2)=4,$CS$4,IF(WEEKDAY(X4,2)=5,$CS$5,IF(WEEKDAY(X4,2)=6,$CS$6,IF(WEEKDAY(X4,2)=7,$CS$7,"ERRO"))))))) -> Terça-Feira | AA5: =IF(WEEKDAY(AA4,2)=1,$CS$1,IF(WEEKDAY(AA4,2)=2,$CS$2,IF(WEEKDAY(AA4,2)=3,$CS$3,IF(WEEKDAY(AA4,2)=4,$CS$4,IF(WEEKDAY(AA4,2)=5,$CS$5,IF(WEEKDAY(AA4,2)=6,$CS$6,IF(WEEKDAY(AA4,2)=7,$CS$7,"ERRO"))))))) -> Quarta-Feira | AD5: =IF(WEEKDAY(AD4,2)=1,$CS$1,IF(WEEKDAY(AD4,2)=2,$CS$2,IF(WEEKDAY(AD4,2)=3,$CS$3,IF(WEEKDAY(AD4,2)=4,$CS$4,IF(WEEKDAY(AD4,2)=5,$CS$5,IF(WEEKDAY(AD4,2)=6,$CS$6,IF(WEEKDAY(AD4,2)=7,$CS$7,"ERRO"))))))) -> Quinta-Feira | AG5: =IF(WEEKDAY(AG4,2)=1,$CS$1,IF(WEEKDAY(AG4,2)=2,$CS$2,IF(WEEKDAY(AG4,2)=3,$CS$3,IF(WEEKDAY(AG4,2)=4,$CS$4,IF(WEEKDAY(AG4,2)=5,$CS$5,IF(WEEKDAY(AG4,2)=6,$CS$6,IF(WEEKDAY(AG4,2)=7,$CS$7,"ERRO"))))))) -> Sexta-Feira | AJ5: =IF(WEEKDAY(AJ4,2)=1,$CS$1,IF(WEEKDAY(AJ4,2)=2,$CS$2,IF(WEEKDAY(AJ4,2)=3,$CS$3,IF(WEEKDAY(AJ4,2)=4,$CS$4,IF(WEEKDAY(AJ4,2)=5,$CS$5,IF(WEEKDAY(AJ4,2)=6,$CS$6,IF(WEEKDAY(AJ4,2)=7,$CS$7,"ERRO"))))))) -> Sábado | AM5: =IF(WEEKDAY(AM4,2)=1,$CS$1,IF(WEEKDAY(AM4,2)=2,$CS$2,IF(WEEKDAY(AM4,2)=3,$CS$3,IF(WEEKDAY(AM4,2)=4,$CS$4,IF(WEEKDAY(AM4,2)=5,$CS$5,IF(WEEKDAY(AM4,2)=6,$CS$6,IF(WEEKDAY(AM4,2)=7,$CS$7,"ERRO"))))))) -> Domingo | AP5: =IF(WEEKDAY(AP4,2)=1,$CS$1,IF(WEEKDAY(AP4,2)=2,$CS$2,IF(WEEKDAY(AP4,2)=3,$CS$3,IF(WEEKDAY(AP4,2)=4,$CS$4,IF(WEEKDAY(AP4,2)=5,$CS$5,IF(WEEKDAY(AP4,2)=6,$CS$6,IF(WEEKDAY(AP4,2)=7,$CS$7,"ERRO"))))))) -> Segunda-Feira | AS5: =IF(WEEKDAY(AS4,2)=1,$CS$1,IF(WEEKDAY(AS4,2)=2,$CS$2,IF(WEEKDAY(AS4,2)=3,$CS$3,IF(WEEKDAY(AS4,2)=4,$CS$4,IF(WEEKDAY(AS4,2)=5,$CS$5,IF(WEEKDAY(AS4,2)=6,$CS$6,IF(WEEKDAY(AS4,2)=7,$CS$7,"ERRO"))))))) -> Terça-Feira | AV5: =IF(WEEKDAY(AV4,2)=1,$CS$1,IF(WEEKDAY(AV4,2)=2,$CS$2,IF(WEEKDAY(AV4,2)=3,$CS$3,IF(WEEKDAY(AV4,2)=4,$CS$4,IF(WEEKDAY(AV4,2)=5,$CS$5,IF(WEEKDAY(AV4,2)=6,$CS$6,IF(WEEKDAY(AV4,2)=7,$CS$7,"ERRO"))))))) -> Quarta-Feira | AY5: =IF(WEEKDAY(AY4,2)=1,$CS$1,IF(WEEKDAY(AY4,2)=2,$CS$2,IF(WEEKDAY(AY4,2)=3,$CS$3,IF(WEEKDAY(AY4,2)=4,$CS$4,IF(WEEKDAY(AY4,2)=5,$CS$5,IF(WEEKDAY(AY4,2)=6,$CS$6,IF(WEEKDAY(AY4,2)=7,$CS$7,"ERRO"))))))) -> Quinta-Feira | BB5: =IF(WEEKDAY(BB4,2)=1,$CS$1,IF(WEEKDAY(BB4,2)=2,$CS$2,IF(WEEKDAY(BB4,2)=3,$CS$3,IF(WEEKDAY(BB4,2)=4,$CS$4,IF(WEEKDAY(BB4,2)=5,$CS$5,IF(WEEKDAY(BB4,2)=6,$CS$6,IF(WEEKDAY(BB4,2)=7,$CS$7,"ERRO"))))))) -> Sexta-Feira | BE5: =IF(WEEKDAY(BE4,2)=1,$CS$1,IF(WEEKDAY(BE4,2)=2,$CS$2,IF(WEEKDAY(BE4,2)=3,$CS$3,IF(WEEKDAY(BE4,2)=4,$CS$4,IF(WEEKDAY(BE4,2)=5,$CS$5,IF(WEEKDAY(BE4,2)=6,$CS$6,IF(WEEKDAY(BE4,2)=7,$CS$7,"ERRO"))))))) -> Sábado | BH5: =IF(WEEKDAY(BH4,2)=1,$CS$1,IF(WEEKDAY(BH4,2)=2,$CS$2,IF(WEEKDAY(BH4,2)=3,$CS$3,IF(WEEKDAY(BH4,2)=4,$CS$4,IF(WEEKDAY(BH4,2)=5,$CS$5,IF(WEEKDAY(BH4,2)=6,$CS$6,IF(WEEKDAY(BH4,2)=7,$CS$7,"ERRO"))))))) -> Domingo | BK5: =IF(WEEKDAY(BK4,2)=1,$CS$1,IF(WEEKDAY(BK4,2)=2,$CS$2,IF(WEEKDAY(BK4,2)=3,$CS$3,IF(WEEKDAY(BK4,2)=4,$CS$4,IF(WEEKDAY(BK4,2)=5,$CS$5,IF(WEEKDAY(BK4,2)=6,$CS$6,IF(WEEKDAY(BK4,2)=7,$CS$7,"ERRO"))))))) -> Segunda-Feira | BN5: =IF(WEEKDAY(BN4,2)=1,$CS$1,IF(WEEKDAY(BN4,2)=2,$CS$2,IF(WEEKDAY(BN4,2)=3,$CS$3,IF(WEEKDAY(BN4,2)=4,$CS$4,IF(WEEKDAY(BN4,2)=5,$CS$5,IF(WEEKDAY(BN4,2)=6,$CS$6,IF(WEEKDAY(BN4,2)=7,$CS$7,"ERRO"))))))) -> Terça-Feira | BQ5: =IF(WEEKDAY(BQ4,2)=1,$CS$1,IF(WEEKDAY(BQ4,2)=2,$CS$2,IF(WEEKDAY(BQ4,2)=3,$CS$3,IF(WEEKDAY(BQ4,2)=4,$CS$4,IF(WEEKDAY(BQ4,2)=5,$CS$5,IF(WEEKDAY(BQ4,2)=6,$CS$6,IF(WEEKDAY(BQ4,2)=7,$CS$7,"ERRO"))))))) -> Quarta-Feira | BT5: =IF(WEEKDAY(BT4,2)=1,$CS$1,IF(WEEKDAY(BT4,2)=2,$CS$2,IF(WEEKDAY(BT4,2)=3,$CS$3,IF(WEEKDAY(BT4,2)=4,$CS$4,IF(WEEKDAY(BT4,2)=5,$CS$5,IF(WEEKDAY(BT4,2)=6,$CS$6,IF(WEEKDAY(BT4,2)=7,$CS$7,"ERRO"))))))) -> Quinta-Feira | BW5: =IF(WEEKDAY(BW4,2)=1,$CS$1,IF(WEEKDAY(BW4,2)=2,$CS$2,IF(WEEKDAY(BW4,2)=3,$CS$3,IF(WEEKDAY(BW4,2)=4,$CS$4,IF(WEEKDAY(BW4,2)=5,$CS$5,IF(WEEKDAY(BW4,2)=6,$CS$6,IF(WEEKDAY(BW4,2)=7,$CS$7,"ERRO"))))))) -> Sexta-Feira | BZ5: =IF(WEEKDAY(BZ4,2)=1,$CS$1,IF(WEEKDAY(BZ4,2)=2,$CS$2,IF(WEEKDAY(BZ4,2)=3,$CS$3,IF(WEEKDAY(BZ4,2)=4,$CS$4,IF(WEEKDAY(BZ4,2)=5,$CS$5,IF(WEEKDAY(BZ4,2)=6,$CS$6,IF(WEEKDAY(BZ4,2)=7,$CS$7,"ERRO"))))))) -> Sábado | CC5: =IF(WEEKDAY(CC4,2)=1,$CS$1,IF(WEEKDAY(CC4,2)=2,$CS$2,IF(WEEKDAY(CC4,2)=3,$CS$3,IF(WEEKDAY(CC4,2)=4,$CS$4,IF(WEEKDAY(CC4,2)=5,$CS$5,IF(WEEKDAY(CC4,2)=6,$CS$6,IF(WEEKDAY(CC4,2)=7,$CS$7,"ERRO"))))))) -> Domingo | CF5: =IF(WEEKDAY(CF4,2)=1,$CS$1,IF(WEEKDAY(CF4,2)=2,$CS$2,IF(WEEKDAY(CF4,2)=3,$CS$3,IF(WEEKDAY(CF4,2)=4,$CS$4,IF(WEEKDAY(CF4,2)=5,$CS$5,IF(WEEKDAY(CF4,2)=6,$CS$6,IF(WEEKDAY(CF4,2)=7,$CS$7,"ERRO"))))))) -> Segunda-Feira | CI5: =IF(WEEKDAY(CI4,2)=1,$CS$1,IF(WEEKDAY(CI4,2)=2,$CS$2,IF(WEEKDAY(CI4,2)=3,$CS$3,IF(WEEKDAY(CI4,2)=4,$CS$4,IF(WEEKDAY(CI4,2)=5,$CS$5,IF(WEEKDAY(CI4,2)=6,$CS$6,IF(WEEKDAY(CI4,2)=7,$CS$7,"ERRO"))))))) -> Terça-Feira | CL5: =IF(WEEKDAY(CL4,2)=1,$CS$1,IF(WEEKDAY(CL4,2)=2,$CS$2,IF(WEEKDAY(CL4,2)=3,$CS$3,IF(WEEKDAY(CL4,2)=4,$CS$4,IF(WEEKDAY(CL4,2)=5,$CS$5,IF(WEEKDAY(CL4,2)=6,$CS$6,IF(WEEKDAY(CL4,2)=7,$CS$7,"ERRO"))))))) -> Quarta-Feira | CO5: =IF(WEEKDAY(CO4,2)=1,$CS$1,IF(WEEKDAY(CO4,2)=2,$CS$2,IF(WEEKDAY(CO4,2)=3,$CS$3,IF(WEEKDAY(CO4,2)=4,$CS$4,IF(WEEKDAY(CO4,2)=5,$CS$5,IF(WEEKDAY(CO4,2)=6,$CS$6,IF(WEEKDAY(CO4,2)=7,$CS$7,"ERRO"))))))) -> Quinta-Feira | CR5: 5 | CS5: Sexta-Feira | CT5: 5 | CU5: Maio
A6: TAG | B6: DETECTOR | C6: MODELO | D6: Bancada | E6: Posição | F6: Status | G6: Analista | H6: Projeto/Obs | I6: Status | J6: Analista | K6: Projeto/Obs | L6: Status | M6: Analista | N6: Projeto/Obs | O6: Status | P6: Analista | Q6: Projeto/Obs | R6: Status | S6: Analista | T6: Projeto/Obs | U6: Status | V6: Analista | W6: Projeto/Obs | X6: Status | Y6: Analista | Z6: Projeto/Obs | AA6: Status | AB6: Analista | AC6: Projeto/Obs | AD6: Status | AE6: Analista | AF6: Projeto/Obs | AG6: Status | AH6: Analista | AI6: Projeto/Obs | AJ6: Status | AK6: Analista | AL6: Projeto/Obs | AM6: Status | AN6: Analista | AO6: Projeto/Obs | AP6: Status | AQ6: Analista | AR6: Projeto/Obs | AS6: Status | AT6: Analista | AU6: Projeto/Obs | AV6: Status | AW6: Analista | AX6: Projeto/Obs | AY6: Status | AZ6: Analista | BA6: Projeto/Obs | BB6: Status | BC6: Analista | BD6: Projeto/Obs | BE6: Status | BF6: Analista | BG6: Projeto/Obs | BH6: Status | BI6: Analista | BJ6: Projeto/Obs | BK6: Status | BL6: Analista | BM6: Projeto/Obs | BN6: Status | BO6: Analista | BP6: Projeto/Obs | BQ6: Status | BR6: Analista | BS6: Projeto/Obs | BT6: Status | BU6: Analista | BV6: Projeto/Obs | BW6: Status | BX6: Analista | BY6: Projeto/Obs | BZ6: Status | CA6: Analista | CB6: Projeto/Obs | CC6: Status | CD6: Analista | CE6: Projeto/Obs | CF6: Status | CG6: Analista | CH6: Projeto/Obs | CI6: Status | CJ6: Analista | CK6: Projeto/Obs | CL6: Status | CM6: Analista | CN6: Projeto/Obs | CO6: Status | CP6: Analista | CQ6: Projeto/Obs | CR6: 6 | CS6: Sábado | CT6: 6 | CU6: Junho
A7: HPLC.0034 | B7: DAD-HS + FLD | C7: 1290 | D7: B4 | E7: P5 | CR7: 7 | CS7: Domingo | CT7: 7 | CU7: Julho
A8: HPLC.0035 | B8: (DAD WR) | C8: 1290 | D8: B4 | E8: P1 | CT8: 8 | CU8: Agosto
A9: HPLC.0036 | B9: (DAD WR) | C9: 1260 | D9: B5 | E9: P2 | CT9: 9 | CU9: Setembro
A10: HPLC.0037 | B10: (VWD + ELSD) | C10: 1260 | D10: B3 | E10: P5 | CT10: 10 | CU10: Outubro
A11: HPLC.0045 | B11: DAD-WR | C11: Acquity UPLC | D11: B5 | E11: P3 | CT11: 11 | CU11: Novembro
A12: HPLC.0050 | B12: UV Dual λ | C12: Alliance 2489 | D12: B5 | E12: P4 | CT12: 12 | CU12: Dezembro
A14: =A7 -> HPLC.0034 | B14: Manhã | C14: =HLOOKUP(TODAY(),$F$4:$CQ$12,4,FALSE) -> #N/A | P14: STATUS INDIVIDUAL MENSAL DOS EQUIPAMENTOS - DIAS ÚTEIS | AR14: STATUS MENSAL DOS EQUIPAMENTOS POR GRUPO DE MODELOS/DETECTORES
B15: Tarde | C15: =HLOOKUP(TODAY(),$F$4:$CQ$12,5,FALSE) -> #N/A
A16: =A8 -> HPLC.0035 | B16: Manhã | C16: =HLOOKUP(TODAY(),$F$4:$CQ$12,6,FALSE) -> #N/A
B17: Tarde | C17: =HLOOKUP(TODAY(),$F$4:$CQ$12,7,FALSE) -> #N/A
A18: =A9 -> HPLC.0036 | B18: Manhã | C18: =HLOOKUP(TODAY(),$F$4:$CQ$12,8,FALSE) -> #N/A
B19: Tarde | C19: =HLOOKUP(TODAY(),$F$4:$CQ$12,9,FALSE) -> #N/A
A20: =A10 -> HPLC.0037 | B20: Manhã | C20: =HLOOKUP(TODAY(),$F$4:$CQ$12,10,FALSE) -> #N/A
B21: Tarde | C21: =HLOOKUP(TODAY(),$F$4:$CQ$12,11,FALSE) -> #N/A
A22: =A11 -> HPLC.0045 | B22: Manhã | C22: =HLOOKUP(TODAY(),$F$4:$CQ$12,12,FALSE) -> #N/A
B23: Tarde | C23: =HLOOKUP(TODAY(),$F$4:$CQ$12,13,FALSE) -> #N/A
A24: =A12 -> HPLC.0050 | B24: Manhã | C24: =HLOOKUP(TODAY(),$F$4:$CQ$12,14,FALSE) -> #N/A
B25: Tarde | C25: =HLOOKUP(TODAY(),$F$4:$CQ$12,15,FALSE) -> #N/A
G34: Estatística do mês
H35: HPLC.0034 | I35: HPLC.0035 | J35: HPLC.0036 | K35: HPLC.0037 | L35: HPLC.0045 | M35: HPLC.0050
G36: Em uso (1º turno) | H36: =COUNTIF($F$7:$CQ$7,$G36) -> 0 | I36: =COUNTIF($F$8:$CQ$8,$G36) -> 0 | J36: =COUNTIF($F$9:$CQ$9,$G36) -> 0 | K36: =COUNTIF($F$10:$CQ$10,$G36) -> 0 | L36: =COUNTIF($F$11:$CQ$11,$G36) -> 0 | M36: =COUNTIF($F$12:$CQ$12,$G36) -> 0
G37: Em uso (2º turno) | H37: =COUNTIF($F$7:$CQ$7,$G37) -> 0 | I37: =COUNTIF($F$8:$CQ$8,$G37) -> 0 | J37: =COUNTIF($F$9:$CQ$9,$G37) -> 0 | K37: =COUNTIF($F$10:$CQ$10,$G37) -> 0 | L37: =COUNTIF($F$11:$CQ$11,$G37) -> 0 | M37: =COUNTIF($F$12:$CQ$12,$G37) -> 0
G38: Qualificação | H38: =COUNTIF($F$7:$CQ$7,$G38) -> 0 | I38: =COUNTIF($F$8:$CQ$8,$G38) -> 0 | J38: =COUNTIF($F$9:$CQ$9,$G38) -> 0 | K38: =COUNTIF($F$10:$CQ$10,$G38) -> 0 | L38: =COUNTIF($F$11:$CQ$11,$G38) -> 0 | M38: =COUNTIF($F$12:$CQ$12,$G38) -> 0
G39: Empréstimo - Desenho analítico / IVIV | H39: =COUNTIF($F$7:$CQ$7,$G39) -> 0 | I39: =COUNTIF($F$8:$CQ$8,$G39) -> 0 | J39: =COUNTIF($F$9:$CQ$9,$G39) -> 0 | K39: =COUNTIF($F$10:$CQ$10,$G39) -> 0 | L39: =COUNTIF($F$11:$CQ$11,$G39) -> 0 | M39: =COUNTIF($F$12:$CQ$12,$G39) -> 0
G40: Empréstimo - Diss | H40: =COUNTIF($F$7:$CQ$7,$G40) -> 0 | I40: =COUNTIF($F$8:$CQ$8,$G40) -> 0 | J40: =COUNTIF($F$9:$CQ$9,$G40) -> 0 | K40: =COUNTIF($F$10:$CQ$10,$G40) -> 0 | L40: =COUNTIF($F$11:$CQ$11,$G40) -> 0 | M40: =COUNTIF($F$12:$CQ$12,$G40) -> 0
G41: Empréstimo - PD | H41: =COUNTIF($F$7:$CQ$7,$G41) -> 0 | I41: =COUNTIF($F$8:$CQ$8,$G41) -> 0 | J41: =COUNTIF($F$9:$CQ$9,$G41) -> 0 | K41: =COUNTIF($F$10:$CQ$10,$G41) -> 0 | L41: =COUNTIF($F$11:$CQ$11,$G41) -> 0 | M41: =COUNTIF($F$12:$CQ$12,$G41) -> 0
G42: Empréstimo - Não medicamento | H42: =COUNTIF($F$7:$CQ$7,$G42) -> 0 | I42: =COUNTIF($F$8:$CQ$8,$G42) -> 0 | J42: =COUNTIF($F$9:$CQ$9,$G42) -> 0 | K42: =COUNTIF($F$10:$CQ$10,$G42) -> 0 | L42: =COUNTIF($F$11:$CQ$11,$G42) -> 0 | M42: =COUNTIF($F$12:$CQ$12,$G42) -> 0
G43: Empréstimo - Suporte analítico | H43: =COUNTIF($F$7:$CQ$7,$G43) -> 0 | I43: =COUNTIF($F$8:$CQ$8,$G43) -> 0 | J43: =COUNTIF($F$9:$CQ$9,$G43) -> 0 | K43: =COUNTIF($F$10:$CQ$10,$G43) -> 0 | L43: =COUNTIF($F$11:$CQ$11,$G43) -> 0 | M43: =COUNTIF($F$12:$CQ$12,$G43) -> 0
G44: Empréstimo - Troubleshooting | H44: =COUNTIF($F$7:$CQ$7,$G44) -> 0 | I44: =COUNTIF($F$8:$CQ$8,$G44) -> 0 | J44: =COUNTIF($F$9:$CQ$9,$G44) -> 0 | K44: =COUNTIF($F$10:$CQ$10,$G44) -> 0 | L44: =COUNTIF($F$11:$CQ$11,$G44) -> 0 | M44: =COUNTIF($F$12:$CQ$12,$G44) -> 0
G45: Manutenção | H45: =COUNTIF($F$7:$CQ$7,$G45) -> 0 | I45: =COUNTIF($F$8:$CQ$8,$G45) -> 0 | J45: =COUNTIF($F$9:$CQ$9,$G45) -> 0 | K45: =COUNTIF($F$10:$CQ$10,$G45) -> 0 | L45: =COUNTIF($F$11:$CQ$11,$G45) -> 0 | M45: =COUNTIF($F$12:$CQ$12,$G45) -> 0
G46: Livre | H46: =COUNTIF($F$7:$CQ$7,$G46) -> 0 | I46: =COUNTIF($F$8:$CQ$8,$G46) -> 0 | J46: =COUNTIF($F$9:$CQ$9,$G46) -> 0 | K46: =COUNTIF($F$10:$CQ$10,$G46) -> 0 | L46: =COUNTIF($F$11:$CQ$11,$G46) -> 0 | M46: =COUNTIF($F$12:$CQ$12,$G46) -> 0
H47: =H35 -> HPLC.0034 | I47: =I35 -> HPLC.0035 | J47: =J35 -> HPLC.0036 | K47: =K35 -> HPLC.0037 | L47: =L35 -> HPLC.0045 | M47: =M35 -> HPLC.0050
G48: Dias em uso | H48: =SUM(H36:H37,H39:H44) -> 0 | I48: =SUM(I36:I37,I39:I44) -> 0 | J48: =SUM(J36:J37,J39:J44) -> 0 | K48: =SUM(K36:K37,K39:K44) -> 0 | L48: =SUM(L36:L37,L39:L44) -> 0 | M48: =SUM(M36:M37,M39:M44) -> 0
G49: Dias livre | H49: =SUM(H38,H45:H46) -> 0 | I49: =SUM(I38,I45:I46) -> 0 | J49: =SUM(J38,J45:J46) -> 0 | K49: =SUM(K38,K45:K46) -> 0 | L49: =SUM(L38,L45:L46) -> 0 | M49: =SUM(M38,M45:M46) -> 0
A57: Estatística do dia
A58: Em uso (1º turno) | B58: =COUNTIF($C$14:$C$25,A58) -> 0 | C58: Total equip. | D58: =COUNTA(A7:A12) -> 6
A59: Em uso (2º turno) | B59: =COUNTIF($C$14:$C$25,A59) -> 0
A60: Qualificação | B60: =COUNTIF($C$14:$C$25,A60) -> 0
A61: Empréstimo - Desenho analítico / IVIV | B61: =COUNTIF($C$14:$C$25,A61) -> 0
A62: Empréstimo - Diss | B62: =COUNTIF($C$14:$C$25,A62) -> 0
A63: Empréstimo - PD | B63: =COUNTIF($C$14:$C$25,A63) -> 0
A64: Empréstimo - Não medicamento | B64: =COUNTIF($C$14:$C$25,A64) -> 0
A65: Empréstimo - Suporte analítico | B65: =COUNTIF($C$14:$C$25,A65) -> 0
A66: Empréstimo - Troubleshooting | B66: =COUNTIF($C$14:$C$25,A66) -> 0
A67: Manutenção | B67: =COUNTIF($C$14:$C$25,A67) -> 0
A68: Livre | B68: =COUNTIF($C$14:$C$25,A68) -> 0
A70: Detectores: | B70: DAD + MS
B71: DAD-HS
B72: DAD-HS + FLD
B73: DAD-WR
B74: DAD-WR + FC-AS
B75: PDA
B76: PDA + FLR
B77: UV Dual λ
B78: VWD + ELSD
B79: VWD + RID

Sheet MP_Mai.20
A1: ="Calendário de uso HPLC - "&IF(MONTH(F4)=1,CX1,IF(MONTH(F4)=2,CX2,IF(MONTH(F4)=3,CX3,IF(MONTH(F4)=4,CX4,IF(MONTH(F4)=5,CX5,IF(MONTH(F4)=6,CX6,IF(MONTH(F4)=7,CX7,IF(MONTH(F4)=8,CX8,IF(MONTH(F4)=9,CX9,IF(MONTH(F4)=10,CX10,IF(MONTH(F4)=11,CX11,IF(MONTH(F4)=12,CX12,"NA")))))))))))) & "/" & YEAR(F4) & " - Equipe MP" -> Calendário de uso HPLC - Maio/2020 - Equipe MP | CU1: 1 | CV1: Segunda-Feira | CW1: 1 | CX1: Janeiro
CU2: 2 | CV2: Terça-Feira | CW2: 2 | CX2: Fevereiro
F3: =F5 -> Sexta-Feira | G3: =F5 -> Sexta-Feira | H3: =F5 -> Sexta-Feira | I3: =I5 -> Sábado | J3: =I5 -> Sábado | K3: =I5 -> Sábado | L3: =L5 -> Domingo | M3: =L5 -> Domingo | N3: =L5 -> Domingo | O3: =O5 -> Segunda-Feira | P3: =O5 -> Segunda-Feira | Q3: =O5 -> Segunda-Feira | R3: =R5 -> Terça-Feira | S3: =R5 -> Terça-Feira | T3: =R5 -> Terça-Feira | U3: =U5 -> Quarta-Feira | V3: =U5 -> Quarta-Feira | W3: =U5 -> Quarta-Feira | X3: =X5 -> Quinta-Feira | Y3: =X5 -> Quinta-Feira | Z3: =X5 -> Quinta-Feira | AA3: =AA5 -> Sexta-Feira | AB3: =AA5 -> Sexta-Feira | AC3: =AA5 -> Sexta-Feira | AD3: =AD5 -> Sábado | AE3: =AD5 -> Sábado | AF3: =AD5 -> Sábado | AG3: =AG5 -> Domingo | AH3: =AG5 -> Domingo | AI3: =AG5 -> Domingo | AJ3: =AJ5 -> Segunda-Feira | AK3: =AJ5 -> Segunda-Feira | AL3: =AJ5 -> Segunda-Feira | AM3: =AM5 -> Terça-Feira | AN3: =AM5 -> Terça-Feira | AO3: =AM5 -> Terça-Feira | AP3: =AP5 -> Quarta-Feira | AQ3: =AP5 -> Quarta-Feira | AR3: =AP5 -> Quarta-Feira | AS3: =AS5 -> Quinta-Feira | AT3: =AS5 -> Quinta-Feira | AU3: =AS5 -> Quinta-Feira | AV3: =AV5 -> Sexta-Feira | AW3: =AV5 -> Sexta-Feira | AX3: =AV5 -> Sexta-Feira | AY3: =AY5 -> Sábado | AZ3: =AY5 -> Sábado | BA3: =AY5 -> Sábado | BB3: =BB5 -> Domingo | BC3: =BB5 -> Domingo | BD3: =BB5 -> Domingo | BE3: =BE5 -> Segunda-Feira | BF3: =BE5 -> Segunda-Feira | BG3: =BE5 -> Segunda-Feira | BH3: =BH5 -> Terça-Feira | BI3: =BH5 -> Terça-Feira | BJ3: =BH5 -> Terça-Feira | BK3: =BK5 -> Quarta-Feira | BL3: =BK5 -> Quarta-Feira | BM3: =BK5 -> Quarta-Feira | BN3: =BN5 -> Quinta-Feira | BO3: =BN5 -> Quinta-Feira | BP3: =BN5 -> Quinta-Feira | BQ3: =BQ5 -> Sexta-Feira | BR3: =BQ5 -> Sexta-Feira | BS3: =BQ5 -> Sexta-Feira | BT3: =BT5 -> Sábado | BU3: =BT5 -> Sábado | BV3: =BT5 -> Sábado | BW3: =BW5 -> Domingo | BX3: =BW5 -> Domingo | BY3: =BW5 -> Domingo | BZ3: =BZ5 -> Segunda-Feira | CA3: =BZ5 -> Segunda-Feira | CB3: =BZ5 -> Segunda-Feira | CC3: =CC5 -> Terça-Feira | CD3: =CC5 -> Terça-Feira | CE3: =CC5 -> Terça-Feira | CF3: =CF5 -> Quarta-Feira | CG3: =CF5 -> Quarta-Feira | CH3: =CF5 -> Quarta-Feira | CI3: =CI5 -> Quinta-Feira | CJ3: =CI5 -> Quinta-Feira | CK3: =CI5 -> Quinta-Feira | CL3: =CL5 -> Sexta-Feira | CM3: =CL5 -> Sexta-Feira | CN3: =CL5 -> Sexta-Feira | CO3: =CO5 -> Sábado | CP3: =CO5 -> Sábado | CQ3: =CO5 -> Sábado | CR3: =CR5 -> Domingo | CS3: =CR5 -> Domingo | CT3: =CR5 -> Domingo | CU3: 3 | CV3: Quarta-Feira | CW3: 3 | CX3: Março
F4: 43952 | I4: =F4+1 -> 43953 | L4: =I4+1 -> 43954 | O4: =L4+1 -> 43955 | R4: =O4+1 -> 43956 | U4: =R4+1 -> 43957 | X4: =U4+1 -> 43958 | AA4: =X4+1 -> 43959 | AD4: =AA4+1 -> 43960 | AG4: =AD4+1 -> 43961 | AJ4: =AG4+1 -> 43962 | AM4: =AJ4+1 -> 43963 | AP4: =AM4+1 -> 43964 | AS4: =AP4+1 -> 43965 | AV4: =AS4+1 -> 43966 | AY4: =AV4+1 -> 43967 | BB4: =AY4+1 -> 43968 | BE4: =BB4+1 -> 43969 | BH4: =BE4+1 -> 43970 | BK4: =BH4+1 -> 43971 | BN4: =BK4+1 -> 43972 | BQ4: =BN4+1 -> 43973 | BT4: =BQ4+1 -> 43974 | BW4: =BT4+1 -> 43975 | BZ4: =BW4+1 -> 43976 | CC4: =BZ4+1 -> 43977 | CF4: =CC4+1 -> 43978 | CI4: =CF4+1 -> 43979 | CL4: =CI4+1 -> 43980 | CO4: =CL4+1 -> 43981 | CR4: =CO4+1 -> 43982 | CU4: 4 | CV4: Quinta-Feira | CW4: 4 | CX4: Abril
F5: =IF(WEEKDAY(F4,2)=1,$CV$1,IF(WEEKDAY(F4,2)=2,$CV$2,IF(WEEKDAY(F4,2)=3,$CV$3,IF(WEEKDAY(F4,2)=4,$CV$4,IF(WEEKDAY(F4,2)=5,$CV$5,IF(WEEKDAY(F4,2)=6,$CV$6,IF(WEEKDAY(F4,2)=7,$CV$7,"ERRO"))))))) -> Sexta-Feira | I5: =IF(WEEKDAY(I4,2)=1,$CV$1,IF(WEEKDAY(I4,2)=2,$CV$2,IF(WEEKDAY(I4,2)=3,$CV$3,IF(WEEKDAY(I4,2)=4,$CV$4,IF(WEEKDAY(I4,2)=5,$CV$5,IF(WEEKDAY(I4,2)=6,$CV$6,IF(WEEKDAY(I4,2)=7,$CV$7,"ERRO"))))))) -> Sábado | L5: =IF(WEEKDAY(L4,2)=1,$CV$1,IF(WEEKDAY(L4,2)=2,$CV$2,IF(WEEKDAY(L4,2)=3,$CV$3,IF(WEEKDAY(L4,2)=4,$CV$4,IF(WEEKDAY(L4,2)=5,$CV$5,IF(WEEKDAY(L4,2)=6,$CV$6,IF(WEEKDAY(L4,2)=7,$CV$7,"ERRO"))))))) -> Domingo | O5: =IF(WEEKDAY(O4,2)=1,$CV$1,IF(WEEKDAY(O4,2)=2,$CV$2,IF(WEEKDAY(O4,2)=3,$CV$3,IF(WEEKDAY(O4,2)=4,$CV$4,IF(WEEKDAY(O4,2)=5,$CV$5,IF(WEEKDAY(O4,2)=6,$CV$6,IF(WEEKDAY(O4,2)=7,$CV$7,"ERRO"))))))) -> Segunda-Feira | R5: =IF(WEEKDAY(R4,2)=1,$CV$1,IF(WEEKDAY(R4,2)=2,$CV$2,IF(WEEKDAY(R4,2)=3,$CV$3,IF(WEEKDAY(R4,2)=4,$CV$4,IF(WEEKDAY(R4,2)=5,$CV$5,IF(WEEKDAY(R4,2)=6,$CV$6,IF(WEEKDAY(R4,2)=7,$CV$7,"ERRO"))))))) -> Terça-Feira | U5: =IF(WEEKDAY(U4,2)=1,$CV$1,IF(WEEKDAY(U4,2)=2,$CV$2,IF(WEEKDAY(U4,2)=3,$CV$3,IF(WEEKDAY(U4,2)=4,$CV$4,IF(WEEKDAY(U4,2)=5,$CV$5,IF(WEEKDAY(U4,2)=6,$CV$6,IF(WEEKDAY(U4,2)=7,$CV$7,"ERRO"))))))) -> Quarta-Feira | X5: =IF(WEEKDAY(X4,2)=1,$CV$1,IF(WEEKDAY(X4,2)=2,$CV$2,IF(WEEKDAY(X4,2)=3,$CV$3,IF(WEEKDAY(X4,2)=4,$CV$4,IF(WEEKDAY(X4,2)=5,$CV$5,IF(WEEKDAY(X4,2)=6,$CV$6,IF(WEEKDAY(X4,2)=7,$CV$7,"ERRO"))))))) -> Quinta-Feira | AA5: =IF(WEEKDAY(AA4,2)=1,$CV$1,IF(WEEKDAY(AA4,2)=2,$CV$2,IF(WEEKDAY(AA4,2)=3,$CV$3,IF(WEEKDAY(AA4,2)=4,$CV$4,IF(WEEKDAY(AA4,2)=5,$CV$5,IF(WEEKDAY(AA4,2)=6,$CV$6,IF(WEEKDAY(AA4,2)=7,$CV$7,"ERRO"))))))) -> Sexta-Feira | AD5: =IF(WEEKDAY(AD4,2)=1,$CV$1,IF(WEEKDAY(AD4,2)=2,$CV$2,IF(WEEKDAY(AD4,2)=3,$CV$3,IF(WEEKDAY(AD4,2)=4,$CV$4,IF(WEEKDAY(AD4,2)=5,$CV$5,IF(WEEKDAY(AD4,2)=6,$CV$6,IF(WEEKDAY(AD4,2)=7,$CV$7,"ERRO"))))))) -> Sábado | AG5: =IF(WEEKDAY(AG4,2)=1,$CV$1,IF(WEEKDAY(AG4,2)=2,$CV$2,IF(WEEKDAY(AG4,2)=3,$CV$3,IF(WEEKDAY(AG4,2)=4,$CV$4,IF(WEEKDAY(AG4,2)=5,$CV$5,IF(WEEKDAY(AG4,2)=6,$CV$6,IF(WEEKDAY(AG4,2)=7,$CV$7,"ERRO"))))))) -> Domingo | AJ5: =IF(WEEKDAY(AJ4,2)=1,$CV$1,IF(WEEKDAY(AJ4,2)=2,$CV$2,IF(WEEKDAY(AJ4,2)=3,$CV$3,IF(WEEKDAY(AJ4,2)=4,$CV$4,IF(WEEKDAY(AJ4,2)=5,$CV$5,IF(WEEKDAY(AJ4,2)=6,$CV$6,IF(WEEKDAY(AJ4,2)=7,$CV$7,"ERRO"))))))) -> Segunda-Feira | AM5: =IF(WEEKDAY(AM4,2)=1,$CV$1,IF(WEEKDAY(AM4,2)=2,$CV$2,IF(WEEKDAY(AM4,2)=3,$CV$3,IF(WEEKDAY(AM4,2)=4,$CV$4,IF(WEEKDAY(AM4,2)=5,$CV$5,IF(WEEKDAY(AM4,2)=6,$CV$6,IF(WEEKDAY(AM4,2)=7,$CV$7,"ERRO"))))))) -> Terça-Feira | AP5: =IF(WEEKDAY(AP4,2)=1,$CV$1,IF(WEEKDAY(AP4,2)=2,$CV$2,IF(WEEKDAY(AP4,2)=3,$CV$3,IF(WEEKDAY(AP4,2)=4,$CV$4,IF(WEEKDAY(AP4,2)=5,$CV$5,IF(WEEKDAY(AP4,2)=6,$CV$6,IF(WEEKDAY(AP4,2)=7,$CV$7,"ERRO"))))))) -> Quarta-Feira | AS5: =IF(WEEKDAY(AS4,2)=1,$CV$1,IF(WEEKDAY(AS4,2)=2,$CV$2,IF(WEEKDAY(AS4,2)=3,$CV$3,IF(WEEKDAY(AS4,2)=4,$CV$4,IF(WEEKDAY(AS4,2)=5,$CV$5,IF(WEEKDAY(AS4,2)=6,$CV$6,IF(WEEKDAY(AS4,2)=7,$CV$7,"ERRO"))))))) -> Quinta-Feira | AV5: =IF(WEEKDAY(AV4,2)=1,$CV$1,IF(WEEKDAY(AV4,2)=2,$CV$2,IF(WEEKDAY(AV4,2)=3,$CV$3,IF(WEEKDAY(AV4,2)=4,$CV$4,IF(WEEKDAY(AV4,2)=5,$CV$5,IF(WEEKDAY(AV4,2)=6,$CV$6,IF(WEEKDAY(AV4,2)=7,$CV$7,"ERRO"))))))) -> Sexta-Feira | AY5: =IF(WEEKDAY(AY4,2)=1,$CV$1,IF(WEEKDAY(AY4,2)=2,$CV$2,IF(WEEKDAY(AY4,2)=3,$CV$3,IF(WEEKDAY(AY4,2)=4,$CV$4,IF(WEEKDAY(AY4,2)=5,$CV$5,IF(WEEKDAY(AY4,2)=6,$CV$6,IF(WEEKDAY(AY4,2)=7,$CV$7,"ERRO"))))))) -> Sábado | BB5: =IF(WEEKDAY(BB4,2)=1,$CV$1,IF(WEEKDAY(BB4,2)=2,$CV$2,IF(WEEKDAY(BB4,2)=3,$CV$3,IF(WEEKDAY(BB4,2)=4,$CV$4,IF(WEEKDAY(BB4,2)=5,$CV$5,IF(WEEKDAY(BB4,2)=6,$CV$6,IF(WEEKDAY(BB4,2)=7,$CV$7,"ERRO"))))))) -> Domingo | BE5: =IF(WEEKDAY(BE4,2)=1,$CV$1,IF(WEEKDAY(BE4,2)=2,$CV$2,IF(WEEKDAY(BE4,2)=3,$CV$3,IF(WEEKDAY(BE4,2)=4,$CV$4,IF(WEEKDAY(BE4,2)=5,$CV$5,IF(WEEKDAY(BE4,2)=6,$CV$6,IF(WEEKDAY(BE4,2)=7,$CV$7,"ERRO"))))))) -> Segunda-Feira | BH5: =IF(WEEKDAY(BH4,2)=1,$CV$1,IF(WEEKDAY(BH4,2)=2,$CV$2,IF(WEEKDAY(BH4,2)=3,$CV$3,IF(WEEKDAY(BH4,2)=4,$CV$4,IF(WEEKDAY(BH4,2)=5,$CV$5,IF(WEEKDAY(BH4,2)=6,$CV$6,IF(WEEKDAY(BH4,2)=7,$CV$7,"ERRO"))))))) -> Terça-Feira | BK5: =IF(WEEKDAY(BK4,2)=1,$CV$1,IF(WEEKDAY(BK4,2)=2,$CV$2,IF(WEEKDAY(BK4,2)=3,$CV$3,IF(WEEKDAY(BK4,2)=4,$CV$4,IF(WEEKDAY(BK4,2)=5,$CV$5,IF(WEEKDAY(BK4,2)=6,$CV$6,IF(WEEKDAY(BK4,2)=7,$CV$7,"ERRO"))))))) -> Quarta-Feira | BN5: =IF(WEEKDAY(BN4,2)=1,$CV$1,IF(WEEKDAY(BN4,2)=2,$CV$2,IF(WEEKDAY(BN4,2)=3,$CV$3,IF(WEEKDAY(BN4,2)=4,$CV$4,IF(WEEKDAY(BN4,2)=5,$CV$5,IF(WEEKDAY(BN4,2)=6,$CV$6,IF(WEEKDAY(BN4,2)=7,$CV$7,"ERRO"))))))) -> Quinta-Feira | BQ5: =IF(WEEKDAY(BQ4,2)=1,$CV$1,IF(WEEKDAY(BQ4,2)=2,$CV$2,IF(WEEKDAY(BQ4,2)=3,$CV$3,IF(WEEKDAY(BQ4,2)=4,$CV$4,IF(WEEKDAY(BQ4,2)=5,$CV$5,IF(WEEKDAY(BQ4,2)=6,$CV$6,IF(WEEKDAY(BQ4,2)=7,$CV$7,"ERRO"))))))) -> Sexta-Feira | BT5: =IF(WEEKDAY(BT4,2)=1,$CV$1,IF(WEEKDAY(BT4,2)=2,$CV$2,IF(WEEKDAY(BT4,2)=3,$CV$3,IF(WEEKDAY(BT4,2)=4,$CV$4,IF(WEEKDAY(BT4,2)=5,$CV$5,IF(WEEKDAY(BT4,2)=6,$CV$6,IF(WEEKDAY(BT4,2)=7,$CV$7,"ERRO"))))))) -> Sábado | BW5: =IF(WEEKDAY(BW4,2)=1,$CV$1,IF(WEEKDAY(BW4,2)=2,$CV$2,IF(WEEKDAY(BW4,2)=3,$CV$3,IF(WEEKDAY(BW4,2)=4,$CV$4,IF(WEEKDAY(BW4,2)=5,$CV$5,IF(WEEKDAY(BW4,2)=6,$CV$6,IF(WEEKDAY(BW4,2)=7,$CV$7,"ERRO"))))))) -> Domingo | BZ5: =IF(WEEKDAY(BZ4,2)=1,$CV$1,IF(WEEKDAY(BZ4,2)=2,$CV$2,IF(WEEKDAY(BZ4,2)=3,$CV$3,IF(WEEKDAY(BZ4,2)=4,$CV$4,IF(WEEKDAY(BZ4,2)=5,$CV$5,IF(WEEKDAY(BZ4,2)=6,$CV$6,IF(WEEKDAY(BZ4,2)=7,$CV$7,"ERRO"))))))) -> Segunda-Feira | CC5: =IF(WEEKDAY(CC4,2)=1,$CV$1,IF(WEEKDAY(CC4,2)=2,$CV$2,IF(WEEKDAY(CC4,2)=3,$CV$3,IF(WEEKDAY(CC4,2)=4,$CV$4,IF(WEEKDAY(CC4,2)=5,$CV$5,IF(WEEKDAY(CC4,2)=6,$CV$6,IF(WEEKDAY(CC4,2)=7,$CV$7,"ERRO"))))))) -> Terça-Feira | CF5: =IF(WEEKDAY(CF4,2)=1,$CV$1,IF(WEEKDAY(CF4,2)=2,$CV$2,IF(WEEKDAY(CF4,2)=3,$CV$3,IF(WEEKDAY(CF4,2)=4,$CV$4,IF(WEEKDAY(CF4,2)=5,$CV$5,IF(WEEKDAY(CF4,2)=6,$CV$6,IF(WEEKDAY(CF4,2)=7,$CV$7,"ERRO"))))))) -> Quarta-Feira | CI5: =IF(WEEKDAY(CI4,2)=1,$CV$1,IF(WEEKDAY(CI4,2)=2,$CV$2,IF(WEEKDAY(CI4,2)=3,$CV$3,IF(WEEKDAY(CI4,2)=4,$CV$4,IF(WEEKDAY(CI4,2)=5,$CV$5,IF(WEEKDAY(CI4,2)=6,$CV$6,IF(WEEKDAY(CI4,2)=7,$CV$7,"ERRO"))))))) -> Quinta-Feira | CL5: =IF(WEEKDAY(CL4,2)=1,$CV$1,IF(WEEKDAY(CL4,2)=2,$CV$2,IF(WEEKDAY(CL4,2)=3,$CV$3,IF(WEEKDAY(CL4,2)=4,$CV$4,IF(WEEKDAY(CL4,2)=5,$CV$5,IF(WEEKDAY(CL4,2)=6,$CV$6,IF(WEEKDAY(CL4,2)=7,$CV$7,"ERRO"))))))) -> Sexta-Feira | CO5: =IF(WEEKDAY(CO4,2)=1,$CV$1,IF(WEEKDAY(CO4,2)=2,$CV$2,IF(WEEKDAY(CO4,2)=3,$CV$3,IF(WEEKDAY(CO4,2)=4,$CV$4,IF(WEEKDAY(CO4,2)=5,$CV$5,IF(WEEKDAY(CO4,2)=6,$CV$6,IF(WEEKDAY(CO4,2)=7,$CV$7,"ERRO"))))))) -> Sábado | CR5: =IF(WEEKDAY(CR4,2)=1,$CV$1,IF(WEEKDAY(CR4,2)=2,$CV$2,IF(WEEKDAY(CR4,2)=3,$CV$3,IF(WEEKDAY(CR4,2)=4,$CV$4,IF(WEEKDAY(CR4,2)=5,$CV$5,IF(WEEKDAY(CR4,2)=6,$CV$6,IF(WEEKDAY(CR4,2)=7,$CV$7,"ERRO"))))))) -> Domingo | CU5: 5 | CV5: Sexta-Feira | CW5: 5 | CX5: Maio
A6: TAG | B6: DETECTOR | C6: MODELO | D6: Bancada | E6: Posição | F6: Status | G6: Analista | H6: Projeto/Obs | I6: Status | J6: Analista | K6: Projeto/Obs | L6: Status | M6: Analista | N6: Projeto/Obs | O6: Status | P6: Analista | Q6: Projeto/Obs | R6: Status | S6: Analista | T6: Projeto/Obs | U6: Status | V6: Analista | W6: Projeto/Obs | X6: Status | Y6: Analista | Z6: Projeto/Obs | AA6: Status | AB6: Analista | AC6: Projeto/Obs | AD6: Status | AE6: Analista | AF6: Projeto/Obs | AG6: Status | AH6: Analista | AI6: Projeto/Obs | AJ6: Status | AK6: Analista | AL6: Projeto/Obs | AM6: Status | AN6: Analista | AO6: Projeto/Obs | AP6: Status | AQ6: Analista | AR6: Projeto/Obs | AS6: Status | AT6: Analista | AU6: Projeto/Obs | AV6: Status | AW6: Analista | AX6: Projeto/Obs | AY6: Status | AZ6: Analista | BA6: Projeto/Obs | BB6: Status | BC6: Analista | BD6: Projeto/Obs | BE6: Status | BF6: Analista | BG6: Projeto/Obs | BH6: Status | BI6: Analista | BJ6: Projeto/Obs | BK6: Status | BL6: Analista | BM6: Projeto/Obs | BN6: Status | BO6: Analista | BP6: Projeto/Obs | BQ6: Status | BR6: Analista | BS6: Projeto/Obs | BT6: Status | BU6: Analista | BV6: Projeto/Obs | BW6: Status | BX6: Analista | BY6: Projeto/Obs | BZ6: Status | CA6: Analista | CB6: Projeto/Obs | CC6: Status | CD6: Analista | CE6: Projeto/Obs | CF6: Status | CG6: Analista | CH6: Projeto/Obs | CI6: Status | CJ6: Analista | CK6: Projeto/Obs | CL6: Status | CM6: Analista | CN6: Projeto/Obs | CO6: Status | CP6: Analista | CQ6: Projeto/Obs | CR6: Status | CS6: Analista | CT6: Projeto/Obs | CU6: 6 | CV6: Sábado | CW6: 6 | CX6: Junho
A7: HPLC.0034 | B7: DAD-HS + FLD | C7: 1290 | D7: B4 | E7: P5 | CU7: 7 | CV7: Domingo | CW7: 7 | CX7: Julho
A8: HPLC.0035 | B8: (DAD WR) | C8: 1290 | D8: B4 | E8: P1 | CW8: 8 | CX8: Agosto
A9: HPLC.0036 | B9: (DAD WR) | C9: 1260 | D9: B5 | E9: P2 | CW9: 9 | CX9: Setembro
A10: HPLC.0037 | B10: (VWD + ELSD) | C10: 1260 | D10: B3 | E10: P5 | CW10: 10 | CX10: Outubro
A11: HPLC.0045 | B11: DAD-WR | C11: Acquity UPLC | D11: B5 | E11: P3 | CW11: 11 | CX11: Novembro
A12: HPLC.0050 | B12: UV Dual λ | C12: Alliance 2489 | D12: B5 | E12: P4 | CW12: 12 | CX12: Dezembro
A14: =A7 -> HPLC.0034 | B14: Manhã | C14: =HLOOKUP(TODAY(),$F$4:$CT$12,4,FALSE) -> #N/A | P14: STATUS INDIVIDUAL MENSAL DOS EQUIPAMENTOS - DIAS ÚTEIS | AR14: STATUS MENSAL DOS EQUIPAMENTOS POR GRUPO DE MODELOS/DETECTORES
B15: Tarde | C15: =HLOOKUP(TODAY(),$F$4:$CT$12,5,FALSE) -> #N/A
A16: =A8 -> HPLC.0035 | B16: Manhã | C16: =HLOOKUP(TODAY(),$F$4:$CT$12,6,FALSE) -> #N/A
B17: Tarde | C17: =HLOOKUP(TODAY(),$F$4:$CT$12,7,FALSE) -> #N/A
A18: =A9 -> HPLC.0036 | B18: Manhã | C18: =HLOOKUP(TODAY(),$F$4:$CT$12,8,FALSE) -> #N/A
B19: Tarde | C19: =HLOOKUP(TODAY(),$F$4:$CT$12,9,FALSE) -> #N/A
A20: =A10 -> HPLC.0037 | B20: Manhã | C20: =HLOOKUP(TODAY(),$F$4:$CT$12,10,FALSE) -> #N/A
B21: Tarde | C21: =HLOOKUP(TODAY(),$F$4:$CT$12,11,FALSE) -> #N/A
A22: =A11 -> HPLC.0045 | B22: Manhã | C22: =HLOOKUP(TODAY(),$F$4:$CT$12,12,FALSE) -> #N/A
B23: Tarde | C23: =HLOOKUP(TODAY(),$F$4:$CT$12,13,FALSE) -> #N/A
A24: =A12 -> HPLC.0050 | B24: Manhã | C24: =HLOOKUP(TODAY(),$F$4:$CT$12,14,FALSE) -> #N/A
B25: Tarde | C25: =HLOOKUP(TODAY(),$F$4:$CT$12,15,FALSE) -> #N/A
G34: Estatística do mês
H35: HPLC.0034 | I35: HPLC.0035 | J35: HPLC.0036 | K35: HPLC.0037 | L35: HPLC.0045 | M35: HPLC.0050
G36: Em uso (1º turno) | H36: =COUNTIF($F$7:$CT$7,$G36) -> 0 | I36: =COUNTIF($F$8:$CT$8,$G36) -> 0 | J36: =COUNTIF($F$9:$CT$9,$G36) -> 0 | K36: =COUNTIF($F$10:$CT$10,$G36) -> 0 | L36: =COUNTIF($F$11:$CT$11,$G36) -> 0 | M36: =COUNTIF($F$12:$CT$12,$G36) -> 0
G37: Em uso (2º turno) | H37: =COUNTIF($F$7:$CT$7,$G37) -> 0 | I37: =COUNTIF($F$8:$CT$8,$G37) -> 0 | J37: =COUNTIF($F$9:$CT$9,$G37) -> 0 | K37: =COUNTIF($F$10:$CT$10,$G37) -> 0 | L37: =COUNTIF($F$11:$CT$11,$G37) -> 0 | M37: =COUNTIF($F$12:$CT$12,$G37) -> 0
G38: Qualificação | H38: =COUNTIF($F$7:$CT$7,$G38) -> 0 | I38: =COUNTIF($F$8:$CT$8,$G38) -> 0 | J38: =COUNTIF($F$9:$CT$9,$G38) -> 0 | K38: =COUNTIF($F$10:$CT$10,$G38) -> 0 | L38: =COUNTIF($F$11:$CT$11,$G38) -> 0 | M38: =COUNTIF($F$12:$CT$12,$G38) -> 0
G39: Empréstimo - Desenho analítico / IVIV | H39: =COUNTIF($F$7:$CT$7,$G39) -> 0 | I39: =COUNTIF($F$8:$CT$8,$G39) -> 0 | J39: =COUNTIF($F$9:$CT$9,$G39) -> 0 | K39: =COUNTIF($F$10:$CT$10,$G39) -> 0 | L39: =COUNTIF($F$11:$CT$11,$G39) -> 0 | M39: =COUNTIF($F$12:$CT$12,$G39) -> 0
G40: Empréstimo - Diss | H40: =COUNTIF($F$7:$CT$7,$G40) -> 0 | I40: =COUNTIF($F$8:$CT$8,$G40) -> 0 | J40: =COUNTIF($F$9:$CT$9,$G40) -> 0 | K40: =COUNTIF($F$10:$CT$10,$G40) -> 0 | L40: =COUNTIF($F$11:$CT$11,$G40) -> 0 | M40: =COUNTIF($F$12:$CT$12,$G40) -> 0
G41: Empréstimo - PD | H41: =COUNTIF($F$7:$CT$7,$G41) -> 0 | I41: =COUNTIF($F$8:$CT$8,$G41) -> 0 | J41: =COUNTIF($F$9:$CT$9,$G41) -> 0 | K41: =COUNTIF($F$10:$CT$10,$G41) -> 0 | L41: =COUNTIF($F$11:$CT$11,$G41) -> 0 | M41: =COUNTIF($F$12:$CT$12,$G41) -> 0
G42: Empréstimo - Não medicamento | H42: =COUNTIF($F$7:$CT$7,$G42) -> 0 | I42: =COUNTIF($F$8:$CT$8,$G42) -> 0 | J42: =COUNTIF($F$9:$CT$9,$G42) -> 0 | K42: =COUNTIF($F$10:$CT$10,$G42) -> 0 | L42: =COUNTIF($F$11:$CT$11,$G42) -> 0 | M42: =COUNTIF($F$12:$CT$12,$G42) -> 0
G43: Empréstimo - Suporte analítico | H43: =COUNTIF($F$7:$CT$7,$G43) -> 0 | I43: =COUNTIF($F$8:$CT$8,$G43) -> 0 | J43: =COUNTIF($F$9:$CT$9,$G43) -> 0 | K43: =COUNTIF($F$10:$CT$10,$G43) -> 0 | L43: =COUNTIF($F$11:$CT$11,$G43) -> 0 | M43: =COUNTIF($F$12:$CT$12,$G43) -> 0
G44: Empréstimo - Troubleshooting | H44: =COUNTIF($F$7:$CT$7,$G44) -> 0 | I44: =COUNTIF($F$8:$CT$8,$G44) -> 0 | J44: =COUNTIF($F$9:$CT$9,$G44) -> 0 | K44: =COUNTIF($F$10:$CT$10,$G44) -> 0 | L44: =COUNTIF($F$11:$CT$11,$G44) -> 0 | M44: =COUNTIF($F$12:$CT$12,$G44) -> 0
G45: Manutenção | H45: =COUNTIF($F$7:$CT$7,$G45) -> 0 | I45: =COUNTIF($F$8:$CT$8,$G45) -> 0 | J45: =COUNTIF($F$9:$CT$9,$G45) -> 0 | K45: =COUNTIF($F$10:$CT$10,$G45) -> 0 | L45: =COUNTIF($F$11:$CT$11,$G45) -> 0 | M45: =COUNTIF($F$12:$CT$12,$G45) -> 0
G46: Livre | H46: =COUNTIF($F$7:$CT$7,$G46) -> 0 | I46: =COUNTIF($F$8:$CT$8,$G46) -> 0 | J46: =COUNTIF($F$9:$CT$9,$G46) -> 0 | K46: =COUNTIF($F$10:$CT$10,$G46) -> 0 | L46: =COUNTIF($F$11:$CT$11,$G46) -> 0 | M46: =COUNTIF($F$12:$CT$12,$G46) -> 0
H47: =H35 -> HPLC.0034 | I47: =I35 -> HPLC.0035 | J47: =J35 -> HPLC.0036 | K47: =K35 -> HPLC.0037 | L47: =L35 -> HPLC.0045 | M47: =M35 -> HPLC.0050
G48: Dias em uso | H48: =SUM(H36:H37,H39:H44) -> 0 | I48: =SUM(I36:I37,I39:I44) -> 0 | J48: =SUM(J36:J37,J39:J44) -> 0 | K48: =SUM(K36:K37,K39:K44) -> 0 | L48: =SUM(L36:L37,L39:L44) -> 0 | M48: =SUM(M36:M37,M39:M44) -> 0
G49: Dias livre | H49: =SUM(H38,H45:H46) -> 0 | I49: =SUM(I38,I45:I46) -> 0 | J49: =SUM(J38,J45:J46) -> 0 | K49: =SUM(K38,K45:K46) -> 0 | L49: =SUM(L38,L45:L46) -> 0 | M49: =SUM(M38,M45:M46) -> 0
A57: Estatística do dia
A58: Em uso (1º turno) | B58: =COUNTIF($C$14:$C$25,A58) -> 0 | C58: Total equip. | D58: =COUNTA(A7:A12) -> 6
A59: Em uso (2º turno) | B59: =COUNTIF($C$14:$C$25,A59) -> 0
A60: Qualificação | B60: =COUNTIF($C$14:$C$25,A60) -> 0
A61: Empréstimo - Desenho analítico / IVIV | B61: =COUNTIF($C$14:$C$25,A61) -> 0
A62: Empréstimo - Diss | B62: =COUNTIF($C$14:$C$25,A62) -> 0
A63: Empréstimo - PD | B63: =COUNTIF($C$14:$C$25,A63) -> 0
A64: Empréstimo - Não medicamento | B64: =COUNTIF($C$14:$C$25,A64) -> 0
A65: Empréstimo - Suporte analítico | B65: =COUNTIF($C$14:$C$25,A65) -> 0
A66: Empréstimo - Troubleshooting | B66: =COUNTIF($C$14:$C$25,A66) -> 0
A67: Manutenção | B67: =COUNTIF($C$14:$C$25,A67) -> 0
A68: Livre | B68: =COUNTIF($C$14:$C$25,A68) -> 0
A70: Detectores: | B70: DAD + MS
B71: DAD-HS
B72: DAD-HS + FLD
B73: DAD-WR
B74: DAD-WR + FC-AS
B75: PDA
B76: PDA + FLR
B77: UV Dual λ
B78: VWD + ELSD
B79: VWD + RID

Sheet MP_Jun.20
A1: ="Calendário de uso HPLC - "&IF(MONTH(F4)=1,CU1,IF(MONTH(F4)=2,CU2,IF(MONTH(F4)=3,CU3,IF(MONTH(F4)=4,CU4,IF(MONTH(F4)=5,CU5,IF(MONTH(F4)=6,CU6,IF(MONTH(F4)=7,CU7,IF(MONTH(F4)=8,CU8,IF(MONTH(F4)=9,CU9,IF(MONTH(F4)=10,CU10,IF(MONTH(F4)=11,CU11,IF(MONTH(F4)=12,CU12,"NA")))))))))))) & "/" & YEAR(F4) & " - Equipe MP" -> Calendário de uso HPLC - Junho/2020 - Equipe MP | CR1: 1 | CS1: Segunda-Feira | CT1: 1 | CU1: Janeiro
CR2: 2 | CS2: Terça-Feira | CT2: 2 | CU2: Fevereiro
F3: =F5 -> Segunda-Feira | G3: =F5 -> Segunda-Feira | H3: =F5 -> Segunda-Feira | I3: =I5 -> Terça-Feira | J3: =I5 -> Terça-Feira | K3: =I5 -> Terça-Feira | L3: =L5 -> Quarta-Feira | M3: =L5 -> Quarta-Feira | N3: =L5 -> Quarta-Feira | O3: =O5 -> Quinta-Feira | P3: =O5 -> Quinta-Feira | Q3: =O5 -> Quinta-Feira | R3: =R5 -> Sexta-Feira | S3: =R5 -> Sexta-Feira | T3: =R5 -> Sexta-Feira | U3: =U5 -> Sábado | V3: =U5 -> Sábado | W3: =U5 -> Sábado | X3: =X5 -> Domingo | Y3: =X5 -> Domingo | Z3: =X5 -> Domingo | AA3: =AA5 -> Segunda-Feira | AB3: =AA5 -> Segunda-Feira | AC3: =AA5 -> Segunda-Feira | AD3: =AD5 -> Terça-Feira | AE3: =AD5 -> Terça-Feira | AF3: =AD5 -> Terça-Feira | AG3: =AG5 -> Quarta-Feira | AH3: =AG5 -> Quarta-Feira | AI3: =AG5 -> Quarta-Feira | AJ3: =AJ5 -> Quinta-Feira | AK3: =AJ5 -> Quinta-Feira | AL3: =AJ5 -> Quinta-Feira | AM3: =AM5 -> Sexta-Feira | AN3: =AM5 -> Sexta-Feira | AO3: =AM5 -> Sexta-Feira | AP3: =AP5 -> Sábado | AQ3: =AP5 -> Sábado | AR3: =AP5 -> Sábado | AS3: =AS5 -> Domingo | AT3: =AS5 -> Domingo | AU3: =AS5 -> Domingo | AV3: =AV5 -> Segunda-Feira | AW3: =AV5 -> Segunda-Feira | AX3: =AV5 -> Segunda-Feira | AY3: =AY5 -> Terça-Feira | AZ3: =AY5 -> Terça-Feira | BA3: =AY5 -> Terça-Feira | BB3: =BB5 -> Quarta-Feira | BC3: =BB5 -> Quarta-Feira | BD3: =BB5 -> Quarta-Feira | BE3: =BE5 -> Quinta-Feira | BF3: =BE5 -> Quinta-Feira | BG3: =BE5 -> Quinta-Feira | BH3: =BH5 -> Sexta-Feira | BI3: =BH5 -> Sexta-Feira | BJ3: =BH5 -> Sexta-Feira | BK3: =BK5 -> Sábado | BL3: =BK5 -> Sábado | BM3: =BK5 -> Sábado | BN3: =BN5 -> Domingo | BO3: =BN5 -> Domingo | BP3: =BN5 -> Domingo | BQ3: =BQ5 -> Segunda-Feira | BR3: =BQ5 -> Segunda-Feira | BS3: =BQ5 -> Segunda-Feira | BT3: =BT5 -> Terça-Feira | BU3: =BT5 -> Terça-Feira | BV3: =BT5 -> Terça-Feira | BW3: =BW5 -> Quarta-Feira | BX3: =BW5 -> Quarta-Feira | BY3: =BW5 -> Quarta-Feira | BZ3: =BZ5 -> Quinta-Feira | CA3: =BZ5 -> Quinta-Feira | CB3: =BZ5 -> Quinta-Feira | CC3: =CC5 -> Sexta-Feira | CD3: =CC5 -> Sexta-Feira | CE3: =CC5 -> Sexta-Feira | CF3: =CF5 -> Sábado | CG3: =CF5 -> Sábado | CH3: =CF5 -> Sábado | CI3: =CI5 -> Domingo | CJ3: =CI5 -> Domingo | CK3: =CI5 -> Domingo | CL3: =CL5 -> Segunda-Feira | CM3: =CL5 -> Segunda-Feira | CN3: =CL5 -> Segunda-Feira | CO3: =CO5 -> Terça-Feira | CP3: =CO5 -> Terça-Feira | CQ3: =CO5 -> Terça-Feira | CR3: 3 | CS3: Quarta-Feira | CT3: 3 | CU3: Março
F4: 43983 | I4: =F4+1 -> 43984 | L4: =I4+1 -> 43985 | O4: =L4+1 -> 43986 | R4: =O4+1 -> 43987 | U4: =R4+1 -> 43988 | X4: =U4+1 -> 43989 | AA4: =X4+1 -> 43990 | AD4: =AA4+1 -> 43991 | AG4: =AD4+1 -> 43992 | AJ4: =AG4+1 -> 43993 | AM4: =AJ4+1 -> 43994 | AP4: =AM4+1 -> 43995 | AS4: =AP4+1 -> 43996 | AV4: =AS4+1 -> 43997 | AY4: =AV4+1 -> 43998 | BB4: =AY4+1 -> 43999 | BE4: =BB4+1 -> 44000 | BH4: =BE4+1 -> 44001 | BK4: =BH4+1 -> 44002 | BN4: =BK4+1 -> 44003 | BQ4: =BN4+1 -> 44004 | BT4: =BQ4+1 -> 44005 | BW4: =BT4+1 -> 44006 | BZ4: =BW4+1 -> 44007 | CC4: =BZ4+1 -> 44008 | CF4: =CC4+1 -> 44009 | CI4: =CF4+1 -> 44010 | CL4: =CI4+1 -> 44011 | CO4: =CL4+1 -> 44012 | CR4: 4 | CS4: Quinta-Feira | CT4: 4 | CU4: Abril
F5: =IF(WEEKDAY(F4,2)=1,$CS$1,IF(WEEKDAY(F4,2)=2,$CS$2,IF(WEEKDAY(F4,2)=3,$CS$3,IF(WEEKDAY(F4,2)=4,$CS$4,IF(WEEKDAY(F4,2)=5,$CS$5,IF(WEEKDAY(F4,2)=6,$CS$6,IF(WEEKDAY(F4,2)=7,$CS$7,"ERRO"))))))) -> Segunda-Feira | I5: =IF(WEEKDAY(I4,2)=1,$CS$1,IF(WEEKDAY(I4,2)=2,$CS$2,IF(WEEKDAY(I4,2)=3,$CS$3,IF(WEEKDAY(I4,2)=4,$CS$4,IF(WEEKDAY(I4,2)=5,$CS$5,IF(WEEKDAY(I4,2)=6,$CS$6,IF(WEEKDAY(I4,2)=7,$CS$7,"ERRO"))))))) -> Terça-Feira | L5: =IF(WEEKDAY(L4,2)=1,$CS$1,IF(WEEKDAY(L4,2)=2,$CS$2,IF(WEEKDAY(L4,2)=3,$CS$3,IF(WEEKDAY(L4,2)=4,$CS$4,IF(WEEKDAY(L4,2)=5,$CS$5,IF(WEEKDAY(L4,2)=6,$CS$6,IF(WEEKDAY(L4,2)=7,$CS$7,"ERRO"))))))) -> Quarta-Feira | O5: =IF(WEEKDAY(O4,2)=1,$CS$1,IF(WEEKDAY(O4,2)=2,$CS$2,IF(WEEKDAY(O4,2)=3,$CS$3,IF(WEEKDAY(O4,2)=4,$CS$4,IF(WEEKDAY(O4,2)=5,$CS$5,IF(WEEKDAY(O4,2)=6,$CS$6,IF(WEEKDAY(O4,2)=7,$CS$7,"ERRO"))))))) -> Quinta-Feira | R5: =IF(WEEKDAY(R4,2)=1,$CS$1,IF(WEEKDAY(R4,2)=2,$CS$2,IF(WEEKDAY(R4,2)=3,$CS$3,IF(WEEKDAY(R4,2)=4,$CS$4,IF(WEEKDAY(R4,2)=5,$CS$5,IF(WEEKDAY(R4,2)=6,$CS$6,IF(WEEKDAY(R4,2)=7,$CS$7,"ERRO"))))))) -> Sexta-Feira | U5: =IF(WEEKDAY(U4,2)=1,$CS$1,IF(WEEKDAY(U4,2)=2,$CS$2,IF(WEEKDAY(U4,2)=3,$CS$3,IF(WEEKDAY(U4,2)=4,$CS$4,IF(WEEKDAY(U4,2)=5,$CS$5,IF(WEEKDAY(U4,2)=6,$CS$6,IF(WEEKDAY(U4,2)=7,$CS$7,"ERRO"))))))) -> Sábado | X5: =IF(WEEKDAY(X4,2)=1,$CS$1,IF(WEEKDAY(X4,2)=2,$CS$2,IF(WEEKDAY(X4,2)=3,$CS$3,IF(WEEKDAY(X4,2)=4,$CS$4,IF(WEEKDAY(X4,2)=5,$CS$5,IF(WEEKDAY(X4,2)=6,$CS$6,IF(WEEKDAY(X4,2)=7,$CS$7,"ERRO"))))))) -> Domingo | AA5: =IF(WEEKDAY(AA4,2)=1,$CS$1,IF(WEEKDAY(AA4,2)=2,$CS$2,IF(WEEKDAY(AA4,2)=3,$CS$3,IF(WEEKDAY(AA4,2)=4,$CS$4,IF(WEEKDAY(AA4,2)=5,$CS$5,IF(WEEKDAY(AA4,2)=6,$CS$6,IF(WEEKDAY(AA4,2)=7,$CS$7,"ERRO"))))))) -> Segunda-Feira | AD5: =IF(WEEKDAY(AD4,2)=1,$CS$1,IF(WEEKDAY(AD4,2)=2,$CS$2,IF(WEEKDAY(AD4,2)=3,$CS$3,IF(WEEKDAY(AD4,2)=4,$CS$4,IF(WEEKDAY(AD4,2)=5,$CS$5,IF(WEEKDAY(AD4,2)=6,$CS$6,IF(WEEKDAY(AD4,2)=7,$CS$7,"ERRO"))))))) -> Terça-Feira | AG5: =IF(WEEKDAY(AG4,2)=1,$CS$1,IF(WEEKDAY(AG4,2)=2,$CS$2,IF(WEEKDAY(AG4,2)=3,$CS$3,IF(WEEKDAY(AG4,2)=4,$CS$4,IF(WEEKDAY(AG4,2)=5,$CS$5,IF(WEEKDAY(AG4,2)=6,$CS$6,IF(WEEKDAY(AG4,2)=7,$CS$7,"ERRO"))))))) -> Quarta-Feira | AJ5: =IF(WEEKDAY(AJ4,2)=1,$CS$1,IF(WEEKDAY(AJ4,2)=2,$CS$2,IF(WEEKDAY(AJ4,2)=3,$CS$3,IF(WEEKDAY(AJ4,2)=4,$CS$4,IF(WEEKDAY(AJ4,2)=5,$CS$5,IF(WEEKDAY(AJ4,2)=6,$CS$6,IF(WEEKDAY(AJ4,2)=7,$CS$7,"ERRO"))))))) -> Quinta-Feira | AM5: =IF(WEEKDAY(AM4,2)=1,$CS$1,IF(WEEKDAY(AM4,2)=2,$CS$2,IF(WEEKDAY(AM4,2)=3,$CS$3,IF(WEEKDAY(AM4,2)=4,$CS$4,IF(WEEKDAY(AM4,2)=5,$CS$5,IF(WEEKDAY(AM4,2)=6,$CS$6,IF(WEEKDAY(AM4,2)=7,$CS$7,"ERRO"))))))) -> Sexta-Feira | AP5: =IF(WEEKDAY(AP4,2)=1,$CS$1,IF(WEEKDAY(AP4,2)=2,$CS$2,IF(WEEKDAY(AP4,2)=3,$CS$3,IF(WEEKDAY(AP4,2)=4,$CS$4,IF(WEEKDAY(AP4,2)=5,$CS$5,IF(WEEKDAY(AP4,2)=6,$CS$6,IF(WEEKDAY(AP4,2)=7,$CS$7,"ERRO"))))))) -> Sábado | AS5: =IF(WEEKDAY(AS4,2)=1,$CS$1,IF(WEEKDAY(AS4,2)=2,$CS$2,IF(WEEKDAY(AS4,2)=3,$CS$3,IF(WEEKDAY(AS4,2)=4,$CS$4,IF(WEEKDAY(AS4,2)=5,$CS$5,IF(WEEKDAY(AS4,2)=6,$CS$6,IF(WEEKDAY(AS4,2)=7,$CS$7,"ERRO"))))))) -> Domingo | AV5: =IF(WEEKDAY(AV4,2)=1,$CS$1,IF(WEEKDAY(AV4,2)=2,$CS$2,IF(WEEKDAY(AV4,2)=3,$CS$3,IF(WEEKDAY(AV4,2)=4,$CS$4,IF(WEEKDAY(AV4,2)=5,$CS$5,IF(WEEKDAY(AV4,2)=6,$CS$6,IF(WEEKDAY(AV4,2)=7,$CS$7,"ERRO"))))))) -> Segunda-Feira | AY5: =IF(WEEKDAY(AY4,2)=1,$CS$1,IF(WEEKDAY(AY4,2)=2,$CS$2,IF(WEEKDAY(AY4,2)=3,$CS$3,IF(WEEKDAY(AY4,2)=4,$CS$4,IF(WEEKDAY(AY4,2)=5,$CS$5,IF(WEEKDAY(AY4,2)=6,$CS$6,IF(WEEKDAY(AY4,2)=7,$CS$7,"ERRO"))))))) -> Terça-Feira | BB5: =IF(WEEKDAY(BB4,2)=1,$CS$1,IF(WEEKDAY(BB4,2)=2,$CS$2,IF(WEEKDAY(BB4,2)=3,$CS$3,IF(WEEKDAY(BB4,2)=4,$CS$4,IF(WEEKDAY(BB4,2)=5,$CS$5,IF(WEEKDAY(BB4,2)=6,$CS$6,IF(WEEKDAY(BB4,2)=7,$CS$7,"ERRO"))))))) -> Quarta-Feira | BE5: =IF(WEEKDAY(BE4,2)=1,$CS$1,IF(WEEKDAY(BE4,2)=2,$CS$2,IF(WEEKDAY(BE4,2)=3,$CS$3,IF(WEEKDAY(BE4,2)=4,$CS$4,IF(WEEKDAY(BE4,2)=5,$CS$5,IF(WEEKDAY(BE4,2)=6,$CS$6,IF(WEEKDAY(BE4,2)=7,$CS$7,"ERRO"))))))) -> Quinta-Feira | BH5: =IF(WEEKDAY(BH4,2)=1,$CS$1,IF(WEEKDAY(BH4,2)=2,$CS$2,IF(WEEKDAY(BH4,2)=3,$CS$3,IF(WEEKDAY(BH4,2)=4,$CS$4,IF(WEEKDAY(BH4,2)=5,$CS$5,IF(WEEKDAY(BH4,2)=6,$CS$6,IF(WEEKDAY(BH4,2)=7,$CS$7,"ERRO"))))))) -> Sexta-Feira | BK5: =IF(WEEKDAY(BK4,2)=1,$CS$1,IF(WEEKDAY(BK4,2)=2,$CS$2,IF(WEEKDAY(BK4,2)=3,$CS$3,IF(WEEKDAY(BK4,2)=4,$CS$4,IF(WEEKDAY(BK4,2)=5,$CS$5,IF(WEEKDAY(BK4,2)=6,$CS$6,IF(WEEKDAY(BK4,2)=7,$CS$7,"ERRO"))))))) -> Sábado | BN5: =IF(WEEKDAY(BN4,2)=1,$CS$1,IF(WEEKDAY(BN4,2)=2,$CS$2,IF(WEEKDAY(BN4,2)=3,$CS$3,IF(WEEKDAY(BN4,2)=4,$CS$4,IF(WEEKDAY(BN4,2)=5,$CS$5,IF(WEEKDAY(BN4,2)=6,$CS$6,IF(WEEKDAY(BN4,2)=7,$CS$7,"ERRO"))))))) -> Domingo | BQ5: =IF(WEEKDAY(BQ4,2)=1,$CS$1,IF(WEEKDAY(BQ4,2)=2,$CS$2,IF(WEEKDAY(BQ4,2)=3,$CS$3,IF(WEEKDAY(BQ4,2)=4,$CS$4,IF(WEEKDAY(BQ4,2)=5,$CS$5,IF(WEEKDAY(BQ4,2)=6,$CS$6,IF(WEEKDAY(BQ4,2)=7,$CS$7,"ERRO"))))))) -> Segunda-Feira | BT5: =IF(WEEKDAY(BT4,2)=1,$CS$1,IF(WEEKDAY(BT4,2)=2,$CS$2,IF(WEEKDAY(BT4,2)=3,$CS$3,IF(WEEKDAY(BT4,2)=4,$CS$4,IF(WEEKDAY(BT4,2)=5,$CS$5,IF(WEEKDAY(BT4,2)=6,$CS$6,IF(WEEKDAY(BT4,2)=7,$CS$7,"ERRO"))))))) -> Terça-Feira | BW5: =IF(WEEKDAY(BW4,2)=1,$CS$1,IF(WEEKDAY(BW4,2)=2,$CS$2,IF(WEEKDAY(BW4,2)=3,$CS$3,IF(WEEKDAY(BW4,2)=4,$CS$4,IF(WEEKDAY(BW4,2)=5,$CS$5,IF(WEEKDAY(BW4,2)=6,$CS$6,IF(WEEKDAY(BW4,2)=7,$CS$7,"ERRO"))))))) -> Quarta-Feira | BZ5: =IF(WEEKDAY(BZ4,2)=1,$CS$1,IF(WEEKDAY(BZ4,2)=2,$CS$2,IF(WEEKDAY(BZ4,2)=3,$CS$3,IF(WEEKDAY(BZ4,2)=4,$CS$4,IF(WEEKDAY(BZ4,2)=5,$CS$5,IF(WEEKDAY(BZ4,2)=6,$CS$6,IF(WEEKDAY(BZ4,2)=7,$CS$7,"ERRO"))))))) -> Quinta-Feira | CC5: =IF(WEEKDAY(CC4,2)=1,$CS$1,IF(WEEKDAY(CC4,2)=2,$CS$2,IF(WEEKDAY(CC4,2)=3,$CS$3,IF(WEEKDAY(CC4,2)=4,$CS$4,IF(WEEKDAY(CC4,2)=5,$CS$5,IF(WEEKDAY(CC4,2)=6,$CS$6,IF(WEEKDAY(CC4,2)=7,$CS$7,"ERRO"))))))) -> Sexta-Feira | CF5: =IF(WEEKDAY(CF4,2)=1,$CS$1,IF(WEEKDAY(CF4,2)=2,$CS$2,IF(WEEKDAY(CF4,2)=3,$CS$3,IF(WEEKDAY(CF4,2)=4,$CS$4,IF(WEEKDAY(CF4,2)=5,$CS$5,IF(WEEKDAY(CF4,2)=6,$CS$6,IF(WEEKDAY(CF4,2)=7,$CS$7,"ERRO"))))))) -> Sábado | CI5: =IF(WEEKDAY(CI4,2)=1,$CS$1,IF(WEEKDAY(CI4,2)=2,$CS$2,IF(WEEKDAY(CI4,2)=3,$CS$3,IF(WEEKDAY(CI4,2)=4,$CS$4,IF(WEEKDAY(CI4,2)=5,$CS$5,IF(WEEKDAY(CI4,2)=6,$CS$6,IF(WEEKDAY(CI4,2)=7,$CS$7,"ERRO"))))))) -> Domingo | CL5: =IF(WEEKDAY(CL4,2)=1,$CS$1,IF(WEEKDAY(CL4,2)=2,$CS$2,IF(WEEKDAY(CL4,2)=3,$CS$3,IF(WEEKDAY(CL4,2)=4,$CS$4,IF(WEEKDAY(CL4,2)=5,$CS$5,IF(WEEKDAY(CL4,2)=6,$CS$6,IF(WEEKDAY(CL4,2)=7,$CS$7,"ERRO"))))))) -> Segunda-Feira | CO5: =IF(WEEKDAY(CO4,2)=1,$CS$1,IF(WEEKDAY(CO4,2)=2,$CS$2,IF(WEEKDAY(CO4,2)=3,$CS$3,IF(WEEKDAY(CO4,2)=4,$CS$4,IF(WEEKDAY(CO4,2)=5,$CS$5,IF(WEEKDAY(CO4,2)=6,$CS$6,IF(WEEKDAY(CO4,2)=7,$CS$7,"ERRO"))))))) -> Terça-Feira | CR5: 5 | CS5: Sexta-Feira | CT5: 5 | CU5: Maio
A6: TAG | B6: DETECTOR | C6: MODELO | D6: Bancada | E6: Posição | F6: Status | G6: Analista | H6: Projeto/Obs | I6: Status | J6: Analista | K6: Projeto/Obs | L6: Status | M6: Analista | N6: Projeto/Obs | O6: Status | P6: Analista | Q6: Projeto/Obs | R6: Status | S6: Analista | T6: Projeto/Obs | U6: Status | V6: Analista | W6: Projeto/Obs | X6: Status | Y6: Analista | Z6: Projeto/Obs | AA6: Status | AB6: Analista | AC6: Projeto/Obs | AD6: Status | AE6: Analista | AF6: Projeto/Obs | AG6: Status | AH6: Analista | AI6: Projeto/Obs | AJ6: Status | AK6: Analista | AL6: Projeto/Obs | AM6: Status | AN6: Analista | AO6: Projeto/Obs | AP6: Status | AQ6: Analista | AR6: Projeto/Obs | AS6: Status | AT6: Analista | AU6: Projeto/Obs | AV6: Status | AW6: Analista | AX6: Projeto/Obs | AY6: Status | AZ6: Analista | BA6: Projeto/Obs | BB6: Status | BC6: Analista | BD6: Projeto/Obs | BE6: Status | BF6: Analista | BG6: Projeto/Obs | BH6: Status | BI6: Analista | BJ6: Projeto/Obs | BK6: Status | BL6: Analista | BM6: Projeto/Obs | BN6: Status | BO6: Analista | BP6: Projeto/Obs | BQ6: Status | BR6: Analista | BS6: Projeto/Obs | BT6: Status | BU6: Analista | BV6: Projeto/Obs | BW6: Status | BX6: Analista | BY6: Projeto/Obs | BZ6: Status | CA6: Analista | CB6: Projeto/Obs | CC6: Status | CD6: Analista | CE6: Projeto/Obs | CF6: Status | CG6: Analista | CH6: Projeto/Obs | CI6: Status | CJ6: Analista | CK6: Projeto/Obs | CL6: Status | CM6: Analista | CN6: Projeto/Obs | CO6: Status | CP6: Analista | CQ6: Projeto/Obs | CR6: 6 | CS6: Sábado | CT6: 6 | CU6: Junho
A7: HPLC.0034 | B7: DAD-HS + FLD | C7: 1290 | D7: B4 | E7: P5 | CR7: 7 | CS7: Domingo | CT7: 7 | CU7: Julho
A8: HPLC.0035 | B8: (DAD WR) | C8: 1290 | D8: B4 | E8: P1 | CT8: 8 | CU8: Agosto
A9: HPLC.0036 | B9: (DAD WR) | C9: 1260 | D9: B5 | E9: P2 | CT9: 9 | CU9: Setembro
A10: HPLC.0037 | B10: (VWD + ELSD) | C10: 1260 | D10: B3 | E10: P5 | CT10: 10 | CU10: Outubro
A11: HPLC.0045 | B11: DAD-WR | C11: Acquity UPLC | D11: B5 | E11: P3 | CT11: 11 | CU11: Novembro
A12: HPLC.0050 | B12: UV Dual λ | C12: Alliance 2489 | D12: B5 | E12: P4 | CT12: 12 | CU12: Dezembro
A14: =A7 -> HPLC.0034 | B14: Manhã | C14: =HLOOKUP(TODAY(),$F$4:$CQ$12,4,FALSE) -> #N/A | P14: STATUS INDIVIDUAL MENSAL DOS EQUIPAMENTOS - DIAS ÚTEIS | AR14: STATUS MENSAL DOS EQUIPAMENTOS POR GRUPO DE MODELOS/DETECTORES
B15: Tarde | C15: =HLOOKUP(TODAY(),$F$4:$CQ$12,5,FALSE) -> #N/A
A16: =A8 -> HPLC.0035 | B16: Manhã | C16: =HLOOKUP(TODAY(),$F$4:$CQ$12,6,FALSE) -> #N/A
B17: Tarde | C17: =HLOOKUP(TODAY(),$F$4:$CQ$12,7,FALSE) -> #N/A
A18: =A9 -> HPLC.0036 | B18: Manhã | C18: =HLOOKUP(TODAY(),$F$4:$CQ$12,8,FALSE) -> #N/A
B19: Tarde | C19: =HLOOKUP(TODAY(),$F$4:$CQ$12,9,FALSE) -> #N/A
A20: =A10 -> HPLC.0037 | B20: Manhã | C20: =HLOOKUP(TODAY(),$F$4:$CQ$12,10,FALSE) -> #N/A
B21: Tarde | C21: =HLOOKUP(TODAY(),$F$4:$CQ$12,11,FALSE) -> #N/A
A22: =A11 -> HPLC.0045 | B22: Manhã | C22: =HLOOKUP(TODAY(),$F$4:$CQ$12,12,FALSE) -> #N/A
B23: Tarde | C23: =HLOOKUP(TODAY(),$F$4:$CQ$12,13,FALSE) -> #N/A
A24: =A12 -> HPLC.0050 | B24: Manhã | C24: =HLOOKUP(TODAY(),$F$4:$CQ$12,14,FALSE) -> #N/A
B25: Tarde | C25: =HLOOKUP(TODAY(),$F$4:$CQ$12,15,FALSE) -> #N/A
G34: Estatística do mês
H35: HPLC.0034 | I35: HPLC.0035 | J35: HPLC.0036 | K35: HPLC.0037 | L35: HPLC.0045 | M35: HPLC.0050
G36: Em uso (1º turno) | H36: =COUNTIF($F$7:$CQ$7,$G36) -> 0 | I36: =COUNTIF($F$8:$CQ$8,$G36) -> 0 | J36: =COUNTIF($F$9:$CQ$9,$G36) -> 0 | K36: =COUNTIF($F$10:$CQ$10,$G36) -> 0 | L36: =COUNTIF($F$11:$CQ$11,$G36) -> 0 | M36: =COUNTIF($F$12:$CQ$12,$G36) -> 0
G37: Em uso (2º turno) | H37: =COUNTIF($F$7:$CQ$7,$G37) -> 0 | I37: =COUNTIF($F$8:$CQ$8,$G37) -> 0 | J37: =COUNTIF($F$9:$CQ$9,$G37) -> 0 | K37: =COUNTIF($F$10:$CQ$10,$G37) -> 0 | L37: =COUNTIF($F$11:$CQ$11,$G37) -> 0 | M37: =COUNTIF($F$12:$CQ$12,$G37) -> 0
G38: Qualificação | H38: =COUNTIF($F$7:$CQ$7,$G38) -> 0 | I38: =COUNTIF($F$8:$CQ$8,$G38) -> 0 | J38: =COUNTIF($F$9:$CQ$9,$G38) -> 0 | K38: =COUNTIF($F$10:$CQ$10,$G38) -> 0 | L38: =COUNTIF($F$11:$CQ$11,$G38) -> 0 | M38: =COUNTIF($F$12:$CQ$12,$G38) -> 0
G39: Empréstimo - Desenho analítico / IVIV | H39: =COUNTIF($F$7:$CQ$7,$G39) -> 0 | I39: =COUNTIF($F$8:$CQ$8,$G39) -> 0 | J39: =COUNTIF($F$9:$CQ$9,$G39) -> 0 | K39: =COUNTIF($F$10:$CQ$10,$G39) -> 0 | L39: =COUNTIF($F$11:$CQ$11,$G39) -> 0 | M39: =COUNTIF($F$12:$CQ$12,$G39) -> 0
G40: Empréstimo - Diss | H40: =COUNTIF($F$7:$CQ$7,$G40) -> 0 | I40: =COUNTIF($F$8:$CQ$8,$G40) -> 0 | J40: =COUNTIF($F$9:$CQ$9,$G40) -> 0 | K40: =COUNTIF($F$10:$CQ$10,$G40) -> 0 | L40: =COUNTIF($F$11:$CQ$11,$G40) -> 0 | M40: =COUNTIF($F$12:$CQ$12,$G40) -> 0
G41: Empréstimo - PD | H41: =COUNTIF($F$7:$CQ$7,$G41) -> 0 | I41: =COUNTIF($F$8:$CQ$8,$G41) -> 0 | J41: =COUNTIF($F$9:$CQ$9,$G41) -> 0 | K41: =COUNTIF($F$10:$CQ$10,$G41) -> 0 | L41: =COUNTIF($F$11:$CQ$11,$G41) -> 0 | M41: =COUNTIF($F$12:$CQ$12,$G41) -> 0
G42: Empréstimo - Não medicamento | H42: =COUNTIF($F$7:$CQ$7,$G42) -> 0 | I42: =COUNTIF($F$8:$CQ$8,$G42) -> 0 | J42: =COUNTIF($F$9:$CQ$9,$G42) -> 0 | K42: =COUNTIF($F$10:$CQ$10,$G42) -> 0 | L42: =COUNTIF($F$11:$CQ$11,$G42) -> 0 | M42: =COUNTIF($F$12:$CQ$12,$G42) -> 0
G43: Empréstimo - Suporte analítico | H43: =COUNTIF($F$7:$CQ$7,$G43) -> 0 | I43: =COUNTIF($F$8:$CQ$8,$G43) -> 0 | J43: =COUNTIF($F$9:$CQ$9,$G43) -> 0 | K43: =COUNTIF($F$10:$CQ$10,$G43) -> 0 | L43: =COUNTIF($F$11:$CQ$11,$G43) -> 0 | M43: =COUNTIF($F$12:$CQ$12,$G43) -> 0
G44: Empréstimo - Troubleshooting | H44: =COUNTIF($F$7:$CQ$7,$G44) -> 0 | I44: =COUNTIF($F$8:$CQ$8,$G44) -> 0 | J44: =COUNTIF($F$9:$CQ$9,$G44) -> 0 | K44: =COUNTIF($F$10:$CQ$10,$G44) -> 0 | L44: =COUNTIF($F$11:$CQ$11,$G44) -> 0 | M44: =COUNTIF($F$12:$CQ$12,$G44) -> 0
G45: Manutenção | H45: =COUNTIF($F$7:$CQ$7,$G45) -> 0 | I45: =COUNTIF($F$8:$CQ$8,$G45) -> 0 | J45: =COUNTIF($F$9:$CQ$9,$G45) -> 0 | K45: =COUNTIF($F$10:$CQ$10,$G45) -> 0 | L45: =COUNTIF($F$11:$CQ$11,$G45) -> 0 | M45: =COUNTIF($F$12:$CQ$12,$G45) -> 0
G46: Livre | H46: =COUNTIF($F$7:$CQ$7,$G46) -> 0 | I46: =COUNTIF($F$8:$CQ$8,$G46) -> 0 | J46: =COUNTIF($F$9:$CQ$9,$G46) -> 0 | K46: =COUNTIF($F$10:$CQ$10,$G46) -> 0 | L46: =COUNTIF($F$11:$CQ$11,$G46) -> 0 | M46: =COUNTIF($F$12:$CQ$12,$G46) -> 0
H47: =H35 -> HPLC.0034 | I47: =I35 -> HPLC.0035 | J47: =J35 -> HPLC.0036 | K47: =K35 -> HPLC.0037 | L47: =L35 -> HPLC.0045 | M47: =M35 -> HPLC.0050
G48: Dias em uso | H48: =SUM(H36:H37,H39:H44) -> 0 | I48: =SUM(I36:I37,I39:I44) -> 0 | J48: =SUM(J36:J37,J39:J44) -> 0 | K48: =SUM(K36:K37,K39:K44) -> 0 | L48: =SUM(L36:L37,L39:L44) -> 0 | M48: =SUM(M36:M37,M39:M44) -> 0
G49: Dias livre | H49: =SUM(H38,H45:H46) -> 0 | I49: =SUM(I38,I45:I46) -> 0 | J49: =SUM(J38,J45:J46) -> 0 | K49: =SUM(K38,K45:K46) -> 0 | L49: =SUM(L38,L45:L46) -> 0 | M49: =SUM(M38,M45:M46) -> 0
A57: Estatística do dia
A58: Em uso (1º turno) | B58: =COUNTIF($C$14:$C$25,A58) -> 0 | C58: Total equip. | D58: =COUNTA(A7:A12) -> 6
A59: Em uso (2º turno) | B59: =COUNTIF($C$14:$C$25,A59) -> 0
A60: Qualificação | B60: =COUNTIF($C$14:$C$25,A60) -> 0
A61: Empréstimo - Desenho analítico / IVIV | B61: =COUNTIF($C$14:$C$25,A61) -> 0
A62: Empréstimo - Diss | B62: =COUNTIF($C$14:$C$25,A62) -> 0
A63: Empréstimo - PD | B63: =COUNTIF($C$14:$C$25,A63) -> 0
A64: Empréstimo - Não medicamento | B64: =COUNTIF($C$14:$C$25,A64) -> 0
A65: Empréstimo - Suporte analítico | B65: =COUNTIF($C$14:$C$25,A65) -> 0
A66: Empréstimo - Troubleshooting | B66: =COUNTIF($C$14:$C$25,A66) -> 0
A67: Manutenção | B67: =COUNTIF($C$14:$C$25,A67) -> 0
A68: Livre | B68: =COUNTIF($C$14:$C$25,A68) -> 0
A70: Detectores: | B70: DAD + MS
B71: DAD-HS
B72: DAD-HS + FLD
B73: DAD-WR
B74: DAD-WR + FC-AS
B75: PDA
B76: PDA + FLR
B77: UV Dual λ
B78: VWD + ELSD
B79: VWD + RID

Sheet MP_Jul.20
A1: ="Calendário de uso HPLC - "&IF(MONTH(F4)=1,CX1,IF(MONTH(F4)=2,CX2,IF(MONTH(F4)=3,CX3,IF(MONTH(F4)=4,CX4,IF(MONTH(F4)=5,CX5,IF(MONTH(F4)=6,CX6,IF(MONTH(F4)=7,CX7,IF(MONTH(F4)=8,CX8,IF(MONTH(F4)=9,CX9,IF(MONTH(F4)=10,CX10,IF(MONTH(F4)=11,CX11,IF(MONTH(F4)=12,CX12,"NA")))))))))))) & "/" & YEAR(F4) & " - Equipe MP" -> Calendário de uso HPLC - Julho/2020 - Equipe MP | CU1: 1 | CV1: Segunda-Feira | CW1: 1 | CX1: Janeiro
CU2: 2 | CV2: Terça-Feira | CW2: 2 | CX2: Fevereiro
F3: =F5 -> Quarta-Feira | G3: =F5 -> Quarta-Feira | H3: =F5 -> Quarta-Feira | I3: =I5 -> Quinta-Feira | J3: =I5 -> Quinta-Feira | K3: =I5 -> Quinta-Feira | L3: =L5 -> Sexta-Feira | M3: =L5 -> Sexta-Feira | N3: =L5 -> Sexta-Feira | O3: =O5 -> Sábado | P3: =O5 -> Sábado | Q3: =O5 -> Sábado | R3: =R5 -> Domingo | S3: =R5 -> Domingo | T3: =R5 -> Domingo | U3: =U5 -> Segunda-Feira | V3: =U5 -> Segunda-Feira | W3: =U5 -> Segunda-Feira | X3: =X5 -> Terça-Feira | Y3: =X5 -> Terça-Feira | Z3: =X5 -> Terça-Feira | AA3: =AA5 -> Quarta-Feira | AB3: =AA5 -> Quarta-Feira | AC3: =AA5 -> Quarta-Feira | AD3: =AD5 -> Quinta-Feira | AE3: =AD5 -> Quinta-Feira | AF3: =AD5 -> Quinta-Feira | AG3: =AG5 -> Sexta-Feira | AH3: =AG5 -> Sexta-Feira | AI3: =AG5 -> Sexta-Feira | AJ3: =AJ5 -> Sábado | AK3: =AJ5 -> Sábado | AL3: =AJ5 -> Sábado | AM3: =AM5 -> Domingo | AN3: =AM5 -> Domingo | AO3: =AM5 -> Domingo | AP3: =AP5 -> Segunda-Feira | AQ3: =AP5 -> Segunda-Feira | AR3: =AP5 -> Segunda-Feira | AS3: =AS5 -> Terça-Feira | AT3: =AS5 -> Terça-Feira | AU3: =AS5 -> Terça-Feira | AV3: =AV5 -> Quarta-Feira | AW3: =AV5 -> Quarta-Feira | AX3: =AV5 -> Quarta-Feira | AY3: =AY5 -> Quinta-Feira | AZ3: =AY5 -> Quinta-Feira | BA3: =AY5 -> Quinta-Feira | BB3: =BB5 -> Sexta-Feira | BC3: =BB5 -> Sexta-Feira | BD3: =BB5 -> Sexta-Feira | BE3: =BE5 -> Sábado | BF3: =BE5 -> Sábado | BG3: =BE5 -> Sábado | BH3: =BH5 -> Domingo | BI3: =BH5 -> Domingo | BJ3: =BH5 -> Domingo | BK3: =BK5 -> Segunda-Feira | BL3: =BK5 -> Segunda-Feira | BM3: =BK5 -> Segunda-Feira | BN3: =BN5 -> Terça-Feira | BO3: =BN5 -> Terça-Feira | BP3: =BN5 -> Terça-Feira | BQ3: =BQ5 -> Quarta-Feira | BR3: =BQ5 -> Quarta-Feira | BS3: =BQ5 -> Quarta-Feira | BT3: =BT5 -> Quinta-Feira | BU3: =BT5 -> Quinta-Feira | BV3: =BT5 -> Quinta-Feira | BW3: =BW5 -> Sexta-Feira | BX3: =BW5 -> Sexta-Feira | BY3: =BW5 -> Sexta-Feira | BZ3: =BZ5 -> Sábado | CA3: =BZ5 -> Sábado | CB3: =BZ5 -> Sábado | CC3: =CC5 -> Domingo | CD3: =CC5 -> Domingo | CE3: =CC5 -> Domingo | CF3: =CF5 -> Segunda-Feira | CG3: =CF5 -> Segunda-Feira | CH3: =CF5 -> Segunda-Feira | CI3: =CI5 -> Terça-Feira | CJ3: =CI5 -> Terça-Feira | CK3: =CI5 -> Terça-Feira | CL3: =CL5 -> Quarta-Feira | CM3: =CL5 -> Quarta-Feira | CN3: =CL5 -> Quarta-Feira | CO3: =CO5 -> Quinta-Feira | CP3: =CO5 -> Quinta-Feira | CQ3: =CO5 -> Quinta-Feira | CR3: =CR5 -> Sexta-Feira | CS3: =CR5 -> Sexta-Feira | CT3: =CR5 -> Sexta-Feira | CU3: 3 | CV3: Quarta-Feira | CW3: 3 | CX3: Março
F4: 44013 | I4: =F4+1 -> 44014 | L4: =I4+1 -> 44015 | O4: =L4+1 -> 44016 | R4: =O4+1 -> 44017 | U4: =R4+1 -> 44018 | X4: =U4+1 -> 44019 | AA4: =X4+1 -> 44020 | AD4: =AA4+1 -> 44021 | AG4: =AD4+1 -> 44022 | AJ4: =AG4+1 -> 44023 | AM4: =AJ4+1 -> 44024 | AP4: =AM4+1 -> 44025 | AS4: =AP4+1 -> 44026 | AV4: =AS4+1 -> 44027 | AY4: =AV4+1 -> 44028 | BB4: =AY4+1 -> 44029 | BE4: =BB4+1 -> 44030 | BH4: =BE4+1 -> 44031 | BK4: =BH4+1 -> 44032 | BN4: =BK4+1 -> 44033 | BQ4: =BN4+1 -> 44034 | BT4: =BQ4+1 -> 44035 | BW4: =BT4+1 -> 44036 | BZ4: =BW4+1 -> 44037 | CC4: =BZ4+1 -> 44038 | CF4: =CC4+1 -> 44039 | CI4: =CF4+1 -> 44040 | CL4: =CI4+1 -> 44041 | CO4: =CL4+1 -> 44042 | CR4: =CO4+1 -> 44043 | CU4: 4 | CV4: Quinta-Feira | CW4: 4 | CX4: Abril
F5: =IF(WEEKDAY(F4,2)=1,$CV$1,IF(WEEKDAY(F4,2)=2,$CV$2,IF(WEEKDAY(F4,2)=3,$CV$3,IF(WEEKDAY(F4,2)=4,$CV$4,IF(WEEKDAY(F4,2)=5,$CV$5,IF(WEEKDAY(F4,2)=6,$CV$6,IF(WEEKDAY(F4,2)=7,$CV$7,"ERRO"))))))) -> Quarta-Feira | I5: =IF(WEEKDAY(I4,2)=1,$CV$1,IF(WEEKDAY(I4,2)=2,$CV$2,IF(WEEKDAY(I4,2)=3,$CV$3,IF(WEEKDAY(I4,2)=4,$CV$4,IF(WEEKDAY(I4,2)=5,$CV$5,IF(WEEKDAY(I4,2)=6,$CV$6,IF(WEEKDAY(I4,2)=7,$CV$7,"ERRO"))))))) -> Quinta-Feira | L5: =IF(WEEKDAY(L4,2)=1,$CV$1,IF(WEEKDAY(L4,2)=2,$CV$2,IF(WEEKDAY(L4,2)=3,$CV$3,IF(WEEKDAY(L4,2)=4,$CV$4,IF(WEEKDAY(L4,2)=5,$CV$5,IF(WEEKDAY(L4,2)=6,$CV$6,IF(WEEKDAY(L4,2)=7,$CV$7,"ERRO"))))))) -> Sexta-Feira | O5: =IF(WEEKDAY(O4,2)=1,$CV$1,IF(WEEKDAY(O4,2)=2,$CV$2,IF(WEEKDAY(O4,2)=3,$CV$3,IF(WEEKDAY(O4,2)=4,$CV$4,IF(WEEKDAY(O4,2)=5,$CV$5,IF(WEEKDAY(O4,2)=6,$CV$6,IF(WEEKDAY(O4,2)=7,$CV$7,"ERRO"))))))) -> Sábado | R5: =IF(WEEKDAY(R4,2)=1,$CV$1,IF(WEEKDAY(R4,2)=2,$CV$2,IF(WEEKDAY(R4,2)=3,$CV$3,IF(WEEKDAY(R4,2)=4,$CV$4,IF(WEEKDAY(R4,2)=5,$CV$5,IF(WEEKDAY(R4,2)=6,$CV$6,IF(WEEKDAY(R4,2)=7,$CV$7,"ERRO"))))))) -> Domingo | U5: =IF(WEEKDAY(U4,2)=1,$CV$1,IF(WEEKDAY(U4,2)=2,$CV$2,IF(WEEKDAY(U4,2)=3,$CV$3,IF(WEEKDAY(U4,2)=4,$CV$4,IF(WEEKDAY(U4,2)=5,$CV$5,IF(WEEKDAY(U4,2)=6,$CV$6,IF(WEEKDAY(U4,2)=7,$CV$7,"ERRO"))))))) -> Segunda-Feira | X5: =IF(WEEKDAY(X4,2)=1,$CV$1,IF(WEEKDAY(X4,2)=2,$CV$2,IF(WEEKDAY(X4,2)=3,$CV$3,IF(WEEKDAY(X4,2)=4,$CV$4,IF(WEEKDAY(X4,2)=5,$CV$5,IF(WEEKDAY(X4,2)=6,$CV$6,IF(WEEKDAY(X4,2)=7,$CV$7,"ERRO"))))))) -> Terça-Feira | AA5: =IF(WEEKDAY(AA4,2)=1,$CV$1,IF(WEEKDAY(AA4,2)=2,$CV$2,IF(WEEKDAY(AA4,2)=3,$CV$3,IF(WEEKDAY(AA4,2)=4,$CV$4,IF(WEEKDAY(AA4,2)=5,$CV$5,IF(WEEKDAY(AA4,2)=6,$CV$6,IF(WEEKDAY(AA4,2)=7,$CV$7,"ERRO"))))))) -> Quarta-Feira | AD5: =IF(WEEKDAY(AD4,2)=1,$CV$1,IF(WEEKDAY(AD4,2)=2,$CV$2,IF(WEEKDAY(AD4,2)=3,$CV$3,IF(WEEKDAY(AD4,2)=4,$CV$4,IF(WEEKDAY(AD4,2)=5,$CV$5,IF(WEEKDAY(AD4,2)=6,$CV$6,IF(WEEKDAY(AD4,2)=7,$CV$7,"ERRO"))))))) -> Quinta-Feira | AG5: =IF(WEEKDAY(AG4,2)=1,$CV$1,IF(WEEKDAY(AG4,2)=2,$CV$2,IF(WEEKDAY(AG4,2)=3,$CV$3,IF(WEEKDAY(AG4,2)=4,$CV$4,IF(WEEKDAY(AG4,2)=5,$CV$5,IF(WEEKDAY(AG4,2)=6,$CV$6,IF(WEEKDAY(AG4,2)=7,$CV$7,"ERRO"))))))) -> Sexta-Feira | AJ5: =IF(WEEKDAY(AJ4,2)=1,$CV$1,IF(WEEKDAY(AJ4,2)=2,$CV$2,IF(WEEKDAY(AJ4,2)=3,$CV$3,IF(WEEKDAY(AJ4,2)=4,$CV$4,IF(WEEKDAY(AJ4,2)=5,$CV$5,IF(WEEKDAY(AJ4,2)=6,$CV$6,IF(WEEKDAY(AJ4,2)=7,$CV$7,"ERRO"))))))) -> Sábado | AM5: =IF(WEEKDAY(AM4,2)=1,$CV$1,IF(WEEKDAY(AM4,2)=2,$CV$2,IF(WEEKDAY(AM4,2)=3,$CV$3,IF(WEEKDAY(AM4,2)=4,$CV$4,IF(WEEKDAY(AM4,2)=5,$CV$5,IF(WEEKDAY(AM4,2)=6,$CV$6,IF(WEEKDAY(AM4,2)=7,$CV$7,"ERRO"))))))) -> Domingo | AP5: =IF(WEEKDAY(AP4,2)=1,$CV$1,IF(WEEKDAY(AP4,2)=2,$CV$2,IF(WEEKDAY(AP4,2)=3,$CV$3,IF(WEEKDAY(AP4,2)=4,$CV$4,IF(WEEKDAY(AP4,2)=5,$CV$5,IF(WEEKDAY(AP4,2)=6,$CV$6,IF(WEEKDAY(AP4,2)=7,$CV$7,"ERRO"))))))) -> Segunda-Feira | AS5: =IF(WEEKDAY(AS4,2)=1,$CV$1,IF(WEEKDAY(AS4,2)=2,$CV$2,IF(WEEKDAY(AS4,2)=3,$CV$3,IF(WEEKDAY(AS4,2)=4,$CV$4,IF(WEEKDAY(AS4,2)=5,$CV$5,IF(WEEKDAY(AS4,2)=6,$CV$6,IF(WEEKDAY(AS4,2)=7,$CV$7,"ERRO"))))))) -> Terça-Feira | AV5: =IF(WEEKDAY(AV4,2)=1,$CV$1,IF(WEEKDAY(AV4,2)=2,$CV$2,IF(WEEKDAY(AV4,2)=3,$CV$3,IF(WEEKDAY(AV4,2)=4,$CV$4,IF(WEEKDAY(AV4,2)=5,$CV$5,IF(WEEKDAY(AV4,2)=6,$CV$6,IF(WEEKDAY(AV4,2)=7,$CV$7,"ERRO"))))))) -> Quarta-Feira | AY5: =IF(WEEKDAY(AY4,2)=1,$CV$1,IF(WEEKDAY(AY4,2)=2,$CV$2,IF(WEEKDAY(AY4,2)=3,$CV$3,IF(WEEKDAY(AY4,2)=4,$CV$4,IF(WEEKDAY(AY4,2)=5,$CV$5,IF(WEEKDAY(AY4,2)=6,$CV$6,IF(WEEKDAY(AY4,2)=7,$CV$7,"ERRO"))))))) -> Quinta-Feira | BB5: =IF(WEEKDAY(BB4,2)=1,$CV$1,IF(WEEKDAY(BB4,2)=2,$CV$2,IF(WEEKDAY(BB4,2)=3,$CV$3,IF(WEEKDAY(BB4,2)=4,$CV$4,IF(WEEKDAY(BB4,2)=5,$CV$5,IF(WEEKDAY(BB4,2)=6,$CV$6,IF(WEEKDAY(BB4,2)=7,$CV$7,"ERRO"))))))) -> Sexta-Feira | BE5: =IF(WEEKDAY(BE4,2)=1,$CV$1,IF(WEEKDAY(BE4,2)=2,$CV$2,IF(WEEKDAY(BE4,2)=3,$CV$3,IF(WEEKDAY(BE4,2)=4,$CV$4,IF(WEEKDAY(BE4,2)=5,$CV$5,IF(WEEKDAY(BE4,2)=6,$CV$6,IF(WEEKDAY(BE4,2)=7,$CV$7,"ERRO"))))))) -> Sábado | BH5: =IF(WEEKDAY(BH4,2)=1,$CV$1,IF(WEEKDAY(BH4,2)=2,$CV$2,IF(WEEKDAY(BH4,2)=3,$CV$3,IF(WEEKDAY(BH4,2)=4,$CV$4,IF(WEEKDAY(BH4,2)=5,$CV$5,IF(WEEKDAY(BH4,2)=6,$CV$6,IF(WEEKDAY(BH4,2)=7,$CV$7,"ERRO"))))))) -> Domingo | BK5: =IF(WEEKDAY(BK4,2)=1,$CV$1,IF(WEEKDAY(BK4,2)=2,$CV$2,IF(WEEKDAY(BK4,2)=3,$CV$3,IF(WEEKDAY(BK4,2)=4,$CV$4,IF(WEEKDAY(BK4,2)=5,$CV$5,IF(WEEKDAY(BK4,2)=6,$CV$6,IF(WEEKDAY(BK4,2)=7,$CV$7,"ERRO"))))))) -> Segunda-Feira | BN5: =IF(WEEKDAY(BN4,2)=1,$CV$1,IF(WEEKDAY(BN4,2)=2,$CV$2,IF(WEEKDAY(BN4,2)=3,$CV$3,IF(WEEKDAY(BN4,2)=4,$CV$4,IF(WEEKDAY(BN4,2)=5,$CV$5,IF(WEEKDAY(BN4,2)=6,$CV$6,IF(WEEKDAY(BN4,2)=7,$CV$7,"ERRO"))))))) -> Terça-Feira | BQ5: =IF(WEEKDAY(BQ4,2)=1,$CV$1,IF(WEEKDAY(BQ4,2)=2,$CV$2,IF(WEEKDAY(BQ4,2)=3,$CV$3,IF(WEEKDAY(BQ4,2)=4,$CV$4,IF(WEEKDAY(BQ4,2)=5,$CV$5,IF(WEEKDAY(BQ4,2)=6,$CV$6,IF(WEEKDAY(BQ4,2)=7,$CV$7,"ERRO"))))))) -> Quarta-Feira | BT5: =IF(WEEKDAY(BT4,2)=1,$CV$1,IF(WEEKDAY(BT4,2)=2,$CV$2,IF(WEEKDAY(BT4,2)=3,$CV$3,IF(WEEKDAY(BT4,2)=4,$CV$4,IF(WEEKDAY(BT4,2)=5,$CV$5,IF(WEEKDAY(BT4,2)=6,$CV$6,IF(WEEKDAY(BT4,2)=7,$CV$7,"ERRO"))))))) -> Quinta-Feira | BW5: =IF(WEEKDAY(BW4,2)=1,$CV$1,IF(WEEKDAY(BW4,2)=2,$CV$2,IF(WEEKDAY(BW4,2)=3,$CV$3,IF(WEEKDAY(BW4,2)=4,$CV$4,IF(WEEKDAY(BW4,2)=5,$CV$5,IF(WEEKDAY(BW4,2)=6,$CV$6,IF(WEEKDAY(BW4,2)=7,$CV$7,"ERRO"))))))) -> Sexta-Feira | BZ5: =IF(WEEKDAY(BZ4,2)=1,$CV$1,IF(WEEKDAY(BZ4,2)=2,$CV$2,IF(WEEKDAY(BZ4,2)=3,$CV$3,IF(WEEKDAY(BZ4,2)=4,$CV$4,IF(WEEKDAY(BZ4,2)=5,$CV$5,IF(WEEKDAY(BZ4,2)=6,$CV$6,IF(WEEKDAY(BZ4,2)=7,$CV$7,"ERRO"))))))) -> Sábado | CC5: =IF(WEEKDAY(CC4,2)=1,$CV$1,IF(WEEKDAY(CC4,2)=2,$CV$2,IF(WEEKDAY(CC4,2)=3,$CV$3,IF(WEEKDAY(CC4,2)=4,$CV$4,IF(WEEKDAY(CC4,2)=5,$CV$5,IF(WEEKDAY(CC4,2)=6,$CV$6,IF(WEEKDAY(CC4,2)=7,$CV$7,"ERRO"))))))) -> Domingo | CF5: =IF(WEEKDAY(CF4,2)=1,$CV$1,IF(WEEKDAY(CF4,2)=2,$CV$2,IF(WEEKDAY(CF4,2)=3,$CV$3,IF(WEEKDAY(CF4,2)=4,$CV$4,IF(WEEKDAY(CF4,2)=5,$CV$5,IF(WEEKDAY(CF4,2)=6,$CV$6,IF(WEEKDAY(CF4,2)=7,$CV$7,"ERRO"))))))) -> Segunda-Feira | CI5: =IF(WEEKDAY(CI4,2)=1,$CV$1,IF(WEEKDAY(CI4,2)=2,$CV$2,IF(WEEKDAY(CI4,2)=3,$CV$3,IF(WEEKDAY(CI4,2)=4,$CV$4,IF(WEEKDAY(CI4,2)=5,$CV$5,IF(WEEKDAY(CI4,2)=6,$CV$6,IF(WEEKDAY(CI4,2)=7,$CV$7,"ERRO"))))))) -> Terça-Feira | CL5: =IF(WEEKDAY(CL4,2)=1,$CV$1,IF(WEEKDAY(CL4,2)=2,$CV$2,IF(WEEKDAY(CL4,2)=3,$CV$3,IF(WEEKDAY(CL4,2)=4,$CV$4,IF(WEEKDAY(CL4,2)=5,$CV$5,IF(WEEKDAY(CL4,2)=6,$CV$6,IF(WEEKDAY(CL4,2)=7,$CV$7,"ERRO"))))))) -> Quarta-Feira | CO5: =IF(WEEKDAY(CO4,2)=1,$CV$1,IF(WEEKDAY(CO4,2)=2,$CV$2,IF(WEEKDAY(CO4,2)=3,$CV$3,IF(WEEKDAY(CO4,2)=4,$CV$4,IF(WEEKDAY(CO4,2)=5,$CV$5,IF(WEEKDAY(CO4,2)=6,$CV$6,IF(WEEKDAY(CO4,2)=7,$CV$7,"ERRO"))))))) -> Quinta-Feira | CR5: =IF(WEEKDAY(CR4,2)=1,$CV$1,IF(WEEKDAY(CR4,2)=2,$CV$2,IF(WEEKDAY(CR4,2)=3,$CV$3,IF(WEEKDAY(CR4,2)=4,$CV$4,IF(WEEKDAY(CR4,2)=5,$CV$5,IF(WEEKDAY(CR4,2)=6,$CV$6,IF(WEEKDAY(CR4,2)=7,$CV$7,"ERRO"))))))) -> Sexta-Feira | CU5: 5 | CV5: Sexta-Feira | CW5: 5 | CX5: Maio
A6: TAG | B6: DETECTOR | C6: MODELO | D6: Bancada | E6: Posição | F6: Status | G6: Analista | H6: Projeto/Obs | I6: Status | J6: Analista | K6: Projeto/Obs | L6: Status | M6: Analista | N6: Projeto/Obs | O6: Status | P6: Analista | Q6: Projeto/Obs | R6: Status | S6: Analista | T6: Projeto/Obs | U6: Status | V6: Analista | W6: Projeto/Obs | X6: Status | Y6: Analista | Z6: Projeto/Obs | AA6: Status | AB6: Analista | AC6: Projeto/Obs | AD6: Status | AE6: Analista | AF6: Projeto/Obs | AG6: Status | AH6: Analista | AI6: Projeto/Obs | AJ6: Status | AK6: Analista | AL6: Projeto/Obs | AM6: Status | AN6: Analista | AO6: Projeto/Obs | AP6: Status | AQ6: Analista | AR6: Projeto/Obs | AS6: Status | AT6: Analista | AU6: Projeto/Obs | AV6: Status | AW6: Analista | AX6: Projeto/Obs | AY6: Status | AZ6: Analista | BA6: Projeto/Obs | BB6: Status | BC6: Analista | BD6: Projeto/Obs | BE6: Status | BF6: Analista | BG6: Projeto/Obs | BH6: Status | BI6: Analista | BJ6: Projeto/Obs | BK6: Status | BL6: Analista | BM6: Projeto/Obs | BN6: Status | BO6: Analista | BP6: Projeto/Obs | BQ6: Status | BR6: Analista | BS6: Projeto/Obs | BT6: Status | BU6: Analista | BV6: Projeto/Obs | BW6: Status | BX6: Analista | BY6: Projeto/Obs | BZ6: Status | CA6: Analista | CB6: Projeto/Obs | CC6: Status | CD6: Analista | CE6: Projeto/Obs | CF6: Status | CG6: Analista | CH6: Projeto/Obs | CI6: Status | CJ6: Analista | CK6: Projeto/Obs | CL6: Status | CM6: Analista | CN6: Projeto/Obs | CO6: Status | CP6: Analista | CQ6: Projeto/Obs | CR6: Status | CS6: Analista | CT6: Projeto/Obs | CU6: 6 | CV6: Sábado | CW6: 6 | CX6: Junho
A7: HPLC.0034 | B7: DAD-HS + FLD | C7: 1290 | D7: B4 | E7: P5 | CU7: 7 | CV7: Domingo | CW7: 7 | CX7: Julho
A8: HPLC.0035 | B8: (DAD WR) | C8: 1290 | D8: B4 | E8: P1 | CW8: 8 | CX8: Agosto
A9: HPLC.0036 | B9: (DAD WR) | C9: 1260 | D9: B5 | E9: P2 | CW9: 9 | CX9: Setembro
A10: HPLC.0037 | B10: (VWD + ELSD) | C10: 1260 | D10: B3 | E10: P5 | CW10: 10 | CX10: Outubro
A11: HPLC.0045 | B11: DAD-WR | C11: Acquity UPLC | D11: B5 | E11: P3 | CW11: 11 | CX11: Novembro
A12: HPLC.0050 | B12: UV Dual λ | C12: Alliance 2489 | D12: B5 | E12: P4 | CW12: 12 | CX12: Dezembro
A14: =A7 -> HPLC.0034 | B14: Manhã | C14: =HLOOKUP(TODAY(),$F$4:$CT$12,4,FALSE) -> #N/A | P14: STATUS INDIVIDUAL MENSAL DOS EQUIPAMENTOS - DIAS ÚTEIS | AR14: STATUS MENSAL DOS EQUIPAMENTOS POR GRUPO DE MODELOS/DETECTORES
B15: Tarde | C15: =HLOOKUP(TODAY(),$F$4:$CT$12,5,FALSE) -> #N/A
A16: =A8 -> HPLC.0035 | B16: Manhã | C16: =HLOOKUP(TODAY(),$F$4:$CT$12,6,FALSE) -> #N/A
B17: Tarde | C17: =HLOOKUP(TODAY(),$F$4:$CT$12,7,FALSE) -> #N/A
A18: =A9 -> HPLC.0036 | B18: Manhã | C18: =HLOOKUP(TODAY(),$F$4:$CT$12,8,FALSE) -> #N/A
B19: Tarde | C19: =HLOOKUP(TODAY(),$F$4:$CT$12,9,FALSE) -> #N/A
A20: =A10 -> HPLC.0037 | B20: Manhã | C20: =HLOOKUP(TODAY(),$F$4:$CT$12,10,FALSE) -> #N/A
B21: Tarde | C21: =HLOOKUP(TODAY(),$F$4:$CT$12,11,FALSE) -> #N/A
A22: =A11 -> HPLC.0045 | B22: Manhã | C22: =HLOOKUP(TODAY(),$F$4:$CT$12,12,FALSE) -> #N/A
B23: Tarde | C23: =HLOOKUP(TODAY(),$F$4:$CT$12,13,FALSE) -> #N/A
A24: =A12 -> HPLC.0050 | B24: Manhã | C24: =HLOOKUP(TODAY(),$F$4:$CT$12,14,FALSE) -> #N/A
B25: Tarde | C25: =HLOOKUP(TODAY(),$F$4:$CT$12,15,FALSE) -> #N/A
G34: Estatística do mês
H35: HPLC.0034 | I35: HPLC.0035 | J35: HPLC.0036 | K35: HPLC.0037 | L35: HPLC.0045 | M35: HPLC.0050
G36: Em uso (1º turno) | H36: =COUNTIF($F$7:$CT$7,$G36) -> 0 | I36: =COUNTIF($F$8:$CT$8,$G36) -> 0 | J36: =COUNTIF($F$9:$CT$9,$G36) -> 0 | K36: =COUNTIF($F$10:$CT$10,$G36) -> 0 | L36: =COUNTIF($F$11:$CT$11,$G36) -> 0 | M36: =COUNTIF($F$12:$CT$12,$G36) -> 0
G37: Em uso (2º turno) | H37: =COUNTIF($F$7:$CT$7,$G37) -> 0 | I37: =COUNTIF($F$8:$CT$8,$G37) -> 0 | J37: =COUNTIF($F$9:$CT$9,$G37) -> 0 | K37: =COUNTIF($F$10:$CT$10,$G37) -> 0 | L37: =COUNTIF($F$11:$CT$11,$G37) -> 0 | M37: =COUNTIF($F$12:$CT$12,$G37) -> 0
G38: Qualificação | H38: =COUNTIF($F$7:$CT$7,$G38) -> 0 | I38: =COUNTIF($F$8:$CT$8,$G38) -> 0 | J38: =COUNTIF($F$9:$CT$9,$G38) -> 0 | K38: =COUNTIF($F$10:$CT$10,$G38) -> 0 | L38: =COUNTIF($F$11:$CT$11,$G38) -> 0 | M38: =COUNTIF($F$12:$CT$12,$G38) -> 0
G39: Empréstimo - Desenho analítico / IVIV | H39: =COUNTIF($F$7:$CT$7,$G39) -> 0 | I39: =COUNTIF($F$8:$CT$8,$G39) -> 0 | J39: =COUNTIF($F$9:$CT$9,$G39) -> 0 | K39: =COUNTIF($F$10:$CT$10,$G39) -> 0 | L39: =COUNTIF($F$11:$CT$11,$G39) -> 0 | M39: =COUNTIF($F$12:$CT$12,$G39) -> 0
G40: Empréstimo - Diss | H40: =COUNTIF($F$7:$CT$7,$G40) -> 0 | I40: =COUNTIF($F$8:$CT$8,$G40) -> 0 | J40: =COUNTIF($F$9:$CT$9,$G40) -> 0 | K40: =COUNTIF($F$10:$CT$10,$G40) -> 0 | L40: =COUNTIF($F$11:$CT$11,$G40) -> 0 | M40: =COUNTIF($F$12:$CT$12,$G40) -> 0
G41: Empréstimo - PD | H41: =COUNTIF($F$7:$CT$7,$G41) -> 0 | I41: =COUNTIF($F$8:$CT$8,$G41) -> 0 | J41: =COUNTIF($F$9:$CT$9,$G41) -> 0 | K41: =COUNTIF($F$10:$CT$10,$G41) -> 0 | L41: =COUNTIF($F$11:$CT$11,$G41) -> 0 | M41: =COUNTIF($F$12:$CT$12,$G41) -> 0
G42: Empréstimo - Não medicamento | H42: =COUNTIF($F$7:$CT$7,$G42) -> 0 | I42: =COUNTIF($F$8:$CT$8,$G42) -> 0 | J42: =COUNTIF($F$9:$CT$9,$G42) -> 0 | K42: =COUNTIF($F$10:$CT$10,$G42) -> 0 | L42: =COUNTIF($F$11:$CT$11,$G42) -> 0 | M42: =COUNTIF($F$12:$CT$12,$G42) -> 0
G43: Empréstimo - Suporte analítico | H43: =COUNTIF($F$7:$CT$7,$G43) -> 0 | I43: =COUNTIF($F$8:$CT$8,$G43) -> 0 | J43: =COUNTIF($F$9:$CT$9,$G43) -> 0 | K43: =COUNTIF($F$10:$CT$10,$G43) -> 0 | L43: =COUNTIF($F$11:$CT$11,$G43) -> 0 | M43: =COUNTIF($F$12:$CT$12,$G43) -> 0
G44: Empréstimo - Troubleshooting | H44: =COUNTIF($F$7:$CT$7,$G44) -> 0 | I44: =COUNTIF($F$8:$CT$8,$G44) -> 0 | J44: =COUNTIF($F$9:$CT$9,$G44) -> 0 | K44: =COUNTIF($F$10:$CT$10,$G44) -> 0 | L44: =COUNTIF($F$11:$CT$11,$G44) -> 0 | M44: =COUNTIF($F$12:$CT$12,$G44) -> 0
G45: Manutenção | H45: =COUNTIF($F$7:$CT$7,$G45) -> 0 | I45: =COUNTIF($F$8:$CT$8,$G45) -> 0 | J45: =COUNTIF($F$9:$CT$9,$G45) -> 0 | K45: =COUNTIF($F$10:$CT$10,$G45) -> 0 | L45: =COUNTIF($F$11:$CT$11,$G45) -> 0 | M45: =COUNTIF($F$12:$CT$12,$G45) -> 0
G46: Livre | H46: =COUNTIF($F$7:$CT$7,$G46) -> 0 | I46: =COUNTIF($F$8:$CT$8,$G46) -> 0 | J46: =COUNTIF($F$9:$CT$9,$G46) -> 0 | K46: =COUNTIF($F$10:$CT$10,$G46) -> 0 | L46: =COUNTIF($F$11:$CT$11,$G46) -> 0 | M46: =COUNTIF($F$12:$CT$12,$G46) -> 0
H47: =H35 -> HPLC.0034 | I47: =I35 -> HPLC.0035 | J47: =J35 -> HPLC.0036 | K47: =K35 -> HPLC.0037 | L47: =L35 -> HPLC.0045 | M47: =M35 -> HPLC.0050
G48: Dias em uso | H48: =SUM(H36:H37,H39:H44) -> 0 | I48: =SUM(I36:I37,I39:I44) -> 0 | J48: =SUM(J36:J37,J39:J44) -> 0 | K48: =SUM(K36:K37,K39:K44) -> 0 | L48: =SUM(L36:L37,L39:L44) -> 0 | M48: =SUM(M36:M37,M39:M44) -> 0
G49: Dias livre | H49: =SUM(H38,H45:H46) -> 0 | I49: =SUM(I38,I45:I46) -> 0 | J49: =SUM(J38,J45:J46) -> 0 | K49: =SUM(K38,K45:K46) -> 0 | L49: =SUM(L38,L45:L46) -> 0 | M49: =SUM(M38,M45:M46) -> 0
A57: Estatística do dia
A58: Em uso (1º turno) | B58: =COUNTIF($C$14:$C$25,A58) -> 0 | C58: Total equip. | D58: =COUNTA(A7:A12) -> 6
A59: Em uso (2º turno) | B59: =COUNTIF($C$14:$C$25,A59) -> 0
A60: Qualificação | B60: =COUNTIF($C$14:$C$25,A60) -> 0
A61: Empréstimo - Desenho analítico / IVIV | B61: =COUNTIF($C$14:$C$25,A61) -> 0
A62: Empréstimo - Diss | B62: =COUNTIF($C$14:$C$25,A62) -> 0
A63: Empréstimo - PD | B63: =COUNTIF($C$14:$C$25,A63) -> 0
A64: Empréstimo - Não medicamento | B64: =COUNTIF($C$14:$C$25,A64) -> 0
A65: Empréstimo - Suporte analítico | B65: =COUNTIF($C$14:$C$25,A65) -> 0
A66: Empréstimo - Troubleshooting | B66: =COUNTIF($C$14:$C$25,A66) -> 0
A67: Manutenção | B67: =COUNTIF($C$14:$C$25,A67) -> 0
A68: Livre | B68: =COUNTIF($C$14:$C$25,A68) -> 0
A70: Detectores: | B70: DAD + MS
B71: DAD-HS
B72: DAD-HS + FLD
B73: DAD-WR
B74: DAD-WR + FC-AS
B75: PDA
B76: PDA + FLR
B77: UV Dual λ
B78: VWD + ELSD
B79: VWD + RID

Sheet MP_Ago.20
A1: ="Calendário de uso HPLC - "&IF(MONTH(F4)=1,CX1,IF(MONTH(F4)=2,CX2,IF(MONTH(F4)=3,CX3,IF(MONTH(F4)=4,CX4,IF(MONTH(F4)=5,CX5,IF(MONTH(F4)=6,CX6,IF(MONTH(F4)=7,CX7,IF(MONTH(F4)=8,CX8,IF(MONTH(F4)=9,CX9,IF(MONTH(F4)=10,CX10,IF(MONTH(F4)=11,CX11,IF(MONTH(F4)=12,CX12,"NA")))))))))))) & "/" & YEAR(F4) & " - Equipe MP" -> Calendário de uso HPLC - Agosto/2020 - Equipe MP | CU1: 1 | CV1: Segunda-Feira | CW1: 1 | CX1: Janeiro
CU2: 2 | CV2: Terça-Feira | CW2: 2 | CX2: Fevereiro
F3: =F5 -> Sábado | G3: =F5 -> Sábado | H3: =F5 -> Sábado | I3: =I5 -> Domingo | J3: =I5 -> Domingo | K3: =I5 -> Domingo | L3: =L5 -> Segunda-Feira | M3: =L5 -> Segunda-Feira | N3: =L5 -> Segunda-Feira | O3: =O5 -> Terça-Feira | P3: =O5 -> Terça-Feira | Q3: =O5 -> Terça-Feira | R3: =R5 -> Quarta-Feira | S3: =R5 -> Quarta-Feira | T3: =R5 -> Quarta-Feira | U3: =U5 -> Quinta-Feira | V3: =U5 -> Quinta-Feira | W3: =U5 -> Quinta-Feira | X3: =X5 -> Sexta-Feira | Y3: =X5 -> Sexta-Feira | Z3: =X5 -> Sexta-Feira | AA3: =AA5 -> Sábado | AB3: =AA5 -> Sábado | AC3: =AA5 -> Sábado | AD3: =AD5 -> Domingo | AE3: =AD5 -> Domingo | AF3: =AD5 -> Domingo | AG3: =AG5 -> Segunda-Feira | AH3: =AG5 -> Segunda-Feira | AI3: =AG5 -> Segunda-Feira | AJ3: =AJ5 -> Terça-Feira | AK3: =AJ5 -> Terça-Feira | AL3: =AJ5 -> Terça-Feira | AM3: =AM5 -> Quarta-Feira | AN3: =AM5 -> Quarta-Feira | AO3: =AM5 -> Quarta-Feira | AP3: =AP5 -> Quinta-Feira | AQ3: =AP5 -> Quinta-Feira | AR3: =AP5 -> Quinta-Feira | AS3: =AS5 -> Sexta-Feira | AT3: =AS5 -> Sexta-Feira | AU3: =AS5 -> Sexta-Feira | AV3: =AV5 -> Sábado | AW3: =AV5 -> Sábado | AX3: =AV5 -> Sábado | AY3: =AY5 -> Domingo | AZ3: =AY5 -> Domingo | BA3: =AY5 -> Domingo | BB3: =BB5 -> Segunda-Feira | BC3: =BB5 -> Segunda-Feira | BD3: =BB5 -> Segunda-Feira | BE3: =BE5 -> Terça-Feira | BF3: =BE5 -> Terça-Feira | BG3: =BE5 -> Terça-Feira | BH3: =BH5 -> Quarta-Feira | BI3: =BH5 -> Quarta-Feira | BJ3: =BH5 -> Quarta-Feira | BK3: =BK5 -> Quinta-Feira | BL3: =BK5 -> Quinta-Feira | BM3: =BK5 -> Quinta-Feira | BN3: =BN5 -> Sexta-Feira | BO3: =BN5 -> Sexta-Feira | BP3: =BN5 -> Sexta-Feira | BQ3: =BQ5 -> Sábado | BR3: =BQ5 -> Sábado | BS3: =BQ5 -> Sábado | BT3: =BT5 -> Domingo | BU3: =BT5 -> Domingo | BV3: =BT5 -> Domingo | BW3: =BW5 -> Segunda-Feira | BX3: =BW5 -> Segunda-Feira | BY3: =BW5 -> Segunda-Feira | BZ3: =BZ5 -> Terça-Feira | CA3: =BZ5 -> Terça-Feira | CB3: =BZ5 -> Terça-Feira | CC3: =CC5 -> Quarta-Feira | CD3: =CC5 -> Quarta-Feira | CE3: =CC5 -> Quarta-Feira | CF3: =CF5 -> Quinta-Feira | CG3: =CF5 -> Quinta-Feira | CH3: =CF5 -> Quinta-Feira | CI3: =CI5 -> Sexta-Feira | CJ3: =CI5 -> Sexta-Feira | CK3: =CI5 -> Sexta-Feira | CL3: =CL5 -> Sábado | CM3: =CL5 -> Sábado | CN3: =CL5 -> Sábado | CO3: =CO5 -> Domingo | CP3: =CO5 -> Domingo | CQ3: =CO5 -> Domingo | CR3: =CR5 -> Segunda-Feira | CS3: =CR5 -> Segunda-Feira | CT3: =CR5 -> Segunda-Feira | CU3: 3 | CV3: Quarta-Feira | CW3: 3 | CX3: Março
F4: 44044 | I4: =F4+1 -> 44045 | L4: =I4+1 -> 44046 | O4: =L4+1 -> 44047 | R4: =O4+1 -> 44048 | U4: =R4+1 -> 44049 | X4: =U4+1 -> 44050 | AA4: =X4+1 -> 44051 | AD4: =AA4+1 -> 44052 | AG4: =AD4+1 -> 44053 | AJ4: =AG4+1 -> 44054 | AM4: =AJ4+1 -> 44055 | AP4: =AM4+1 -> 44056 | AS4: =AP4+1 -> 44057 | AV4: =AS4+1 -> 44058 | AY4: =AV4+1 -> 44059 | BB4: =AY4+1 -> 44060 | BE4: =BB4+1 -> 44061 | BH4: =BE4+1 -> 44062 | BK4: =BH4+1 -> 44063 | BN4: =BK4+1 -> 44064 | BQ4: =BN4+1 -> 44065 | BT4: =BQ4+1 -> 44066 | BW4: =BT4+1 -> 44067 | BZ4: =BW4+1 -> 44068 | CC4: =BZ4+1 -> 44069 | CF4: =CC4+1 -> 44070 | CI4: =CF4+1 -> 44071 | CL4: =CI4+1 -> 44072 | CO4: =CL4+1 -> 44073 | CR4: =CO4+1 -> 44074 | CU4: 4 | CV4: Quinta-Feira | CW4: 4 | CX4: Abril
